"user_id","name","city","gender","total_orders","total_spent"
U002814,Patricia Olson,West Michaelville,Male,2,12720.22
U006469,Audrey Ware,South Robertstad,Female,4,12682.78
U005921,Stanley Wood,South Peterstad,Female,2,12391.6
U005803,Alyssa Jones,Turnermouth,Other,2,12133.7
U003637,Eric Hernandez,West Tonyashire,Male,4,11905.06
U005269,Donald Rush,Annettebury,Other,6,11706.02
U000829,Lisa Everett,Lindatown,Other,4,11635.86
U002851,Jonathan Ramirez,Myersshire,Female,2,11580.94
U004530,Tara Wright,South Diane,Female,4,11244.06
U004942,Jason Harrell,Henryberg,Male,6,10843.96
U005169,John Matthews,Clarkshire,Female,2,10313.26
U002376,Andrew Clayton,South Ericfort,Other,2,10250.82
U007043,Charles Roberson,New Lynn,Female,2,10106.9
U004539,Sarah Kirk,West Andrewborough,Female,2,10004.98
U005897,Alex Durham,Port Danielbury,Other,4,9996.84
U003794,Thomas Ramirez,New Joshua,Female,2,9991.66
U004906,Brenda Winters,East Emilyview,Other,4,9821.1
U006206,Melissa Jackson,South Ashley,Other,2,9652.5
U000386,Christopher Davis,Port Gina,Female,2,9599.88
U007204,Robert Combs,Savannahview,Male,2,9401.12
U007682,Madison Guerrero,East Aaronville,Female,4,9140.36
U006311,Adrienne Foster,New Alan,Other,4,9068.0
U007793,Tanya Wallace,North Brandonville,Male,2,8756.06
U000778,Jesus Brewer,Port Joshuabury,Male,2,8566.86
U007569,Travis Hernandez,Port Deborah,Female,2,8462.92
U000932,Kenneth Jones,Scottfort,Female,4,8393.14
U002508,Maureen Young,Burkemouth,Female,2,8280.86
U006295,Valerie Brown,New Amanda,Other,2,8213.98
U003723,Aaron Walker,Tylerville,Female,4,8209.2
U009903,Jessica Russell,Nolanborough,Female,4,8189.7
U006783,Joshua Stanley,East Eddietown,Other,6,8158.38
U009032,Jennifer Thomas,Christinaview,Other,4,8143.18
U008253,Brandon Vaughan,Morrowshire,Female,4,7969.52
U000097,David Ryan,Coffeyport,Male,6,7913.02
U003814,Christopher Kennedy,New Austin,Female,2,7909.0
U002662,Steven Lee,Christinatown,Female,2,7898.84
U005273,Colin Lee,Castanedaport,Male,2,7877.76
U009525,Sherri Nelson,Kelleyview,Female,4,7866.8
U006092,Alex Patterson,South Donald,Other,2,7830.36
U009681,Mark Richard,Mckeeberg,Female,4,7817.64
U003335,Stacey Jimenez,Port Alexisville,Female,4,7746.36
U005280,Denise Munoz,Taylorside,Female,2,7737.68
U004129,Heather Smith,Tonymouth,Other,2,7735.86
U001935,Ricky Decker,North Williamville,Other,2,7722.12
U000399,Courtney Luna,Hammondborough,Male,2,7676.24
U008212,Holly Miles,Arnoldfort,Male,2,7606.62
U005618,Sabrina Rocha,Port Andrew,Other,4,7592.38
U001998,Dominic Simpson,Singhton,Male,2,7545.12
U005226,Travis Wade,South Monicachester,Other,2,7519.44
U006318,Christopher Holden,Sheachester,Other,2,7510.44
U003755,Rachel Carter,New Kenneth,Female,4,7451.82
U008770,Joseph Patterson,Port Amberland,Other,2,7448.54
U009990,Brittany Weber,Lake Kaylastad,Male,2,7433.58
U006097,Anne Sandoval,Sandrahaven,Other,2,7400.12
U008574,Kimberly Hoffman,Holtshire,Male,4,7296.56
U001168,Scott Cobb,Lake Garychester,Female,2,7237.76
U000245,Crystal Lopez,South Brittany,Male,2,7226.8
U004941,Sean Jordan,West William,Female,2,7197.18
U003778,Kristen Hernandez,Port Joe,Other,2,7192.34
U006722,Paul Aguilar,Jacobberg,Female,6,7182.18
U004810,Brian Mack,Richardview,Male,2,7181.7
U009149,Michael Weber,Karatown,Female,2,7145.2
U007930,Robert Jennings,Port James,Male,6,7123.4
U001465,Danielle Sanchez,Elizabethberg,Male,2,7105.92
U004487,Brian Robinson,Lake Jennahaven,Female,2,7085.08
U002624,David Stevens,New John,Male,4,7083.54
U002377,Eric Taylor,North Michael,Other,6,7063.78
U004594,Nathan Brown,North Alexis,Female,4,7031.38
U008465,Trevor Schwartz,Gregton,Male,4,7000.78
U006666,Kayla Hernandez,Port Ashleychester,Female,2,7000.04
U009048,Jonathan Gibson,New Jamie,Female,4,6908.46
U005330,Mandy Knapp,East James,Other,4,6896.6
U005153,Joseph Medina,Christopherstad,Male,2,6882.4
U004988,Donald Foster,Elizabethbury,Male,4,6879.9
U006874,Diane Gordon,Port Kristin,Male,4,6838.66
U001687,Richard James,Jackieton,Other,2,6837.68
U002104,Christine Taylor,South Melissa,Female,6,6836.42
U004842,Jonathan Gross,Barkermouth,Male,4,6762.84
U005608,Kelly Adams,Thomasfort,Female,4,6744.54
U004428,Mikayla Crawford,West Johnton,Male,2,6700.92
U002142,Nichole Harris,Mooreberg,Other,2,6700.16
U000482,Julie Kelley,Port Dennis,Female,4,6692.86
U004345,Jessica Mccann,West Ericatown,Female,2,6661.12
U006341,Wendy Grant,Meganland,Male,2,6632.7
U003209,Robert Ferrell,Port Don,Other,6,6630.62
U002773,Jared Torres,Clarkberg,Other,6,6619.7
U009511,Gregory Castillo,Padillaton,Female,4,6551.58
U006904,Allen Ross,Grosstown,Male,4,6523.46
U004717,Michael Rivera,Travisberg,Male,4,6516.28
U008784,James Walker,North Jason,Male,4,6513.44
U008184,Zachary Clark,Edwardmouth,Male,4,6493.0
U000217,Jennifer Freeman,Port Adamberg,Other,4,6454.12
U007587,Levi Duncan,Jonathanfurt,Male,4,6443.36
U000827,Brenda Woods,North Jasontown,Female,4,6386.26
U003562,Heidi Brown,Port Cynthiabury,Female,2,6366.92
U004782,Beth Mcpherson,Howardville,Other,4,6355.62
U001916,Richard Vargas,Coltonview,Other,2,6334.88
U007286,Lisa Sanchez,Jeffreyview,Other,4,6332.78
U006215,Jeffrey Nichols,Mirandahaven,Other,4,6284.46
U009854,Abigail Patterson,East Kimberly,Male,4,6252.56
U003411,Tony Thomas,South Chaseside,Male,2,6212.44
U005163,Wendy Briggs,Christianberg,Male,2,6156.5
U007167,Randall Sanford,East Stephanie,Female,2,6119.16
U003044,Jose Nixon,Austinmouth,Female,4,6101.06
U005806,Emma Jefferson,East Leah,Other,2,6075.72
U003089,Douglas Montgomery,Velezburgh,Male,2,6070.26
U004659,Shawn Lee,Riverastad,Male,2,6061.9
U000374,Debra Mullen,Craigside,Female,2,6046.12
U004627,Jimmy Avery,Serranoport,Other,2,6012.4
U000085,Julie Thornton,South Tammie,Other,2,6006.3
U001081,Donna Bailey,Burkebury,Female,2,5969.24
U001454,Betty Ferguson,Gregoryborough,Female,4,5961.54
U000567,Gregory Vasquez,South Jenniferville,Other,4,5936.5
U001739,Brooke Ramirez,New Laurahaven,Female,2,5927.7
U001344,Mary Webster,Lake Justintown,Female,4,5912.1
U008355,Gregory Lowe,New Gregoryborough,Female,2,5912.1
U000844,Sarah Walker,Evansburgh,Female,2,5902.44
U004573,Drew Smith,Timothyborough,Male,2,5892.6
U008785,Timothy Collins,Julietown,Female,2,5890.9
U007844,Lisa Lee,Millerland,Female,4,5822.22
U005869,Leah Rogers,Ellenmouth,Male,4,5819.94
U004161,Jonathan Adams,East Aprilmouth,Female,2,5814.56
U004025,Andrea Landry,Hansenmouth,Male,2,5805.52
U008264,Angela Patterson,Mcguirebury,Female,4,5759.54
U008350,Danielle Adams,Garciachester,Female,2,5745.06
U000023,Tommy Lee,Lake Leeton,Other,2,5739.92
U000458,Tina Kennedy,West Timothyport,Male,2,5737.1
U000038,Tracey Wilson,West Ryan,Other,4,5734.92
U002630,Wayne Bishop,South Teresa,Female,4,5726.18
U004550,Shannon Hammond,Melindamouth,Female,2,5698.38
U002446,Peggy Cain,New Lorishire,Male,2,5685.02
U004613,Robert Murphy,Matthewmouth,Female,4,5681.26
U003077,Margaret Woods,Paulmouth,Male,2,5676.22
U002195,Christopher Schultz,North Micheleshire,Male,2,5657.1
U005237,Samantha Moody,Alvaradomouth,Male,4,5646.46
U006952,Brian Frost,North Michael,Female,2,5630.44
U002288,Edward Nixon,Mannburgh,Female,2,5630.14
U004695,Shawn Oconnell,Chasetown,Male,2,5615.96
U009957,Troy Brennan,Hillborough,Male,2,5611.66
U007274,Robert Bauer,Christophertown,Female,2,5599.4
U008685,Michael Walker,West Jennifer,Female,6,5596.84
U005598,Manuel Wells,Mccarthyland,Female,4,5589.7
U009184,Sarah Garcia,West Jessicaview,Male,2,5565.52
U008236,Patricia Thompson,Smithchester,Male,6,5557.44
U009367,Kimberly Bradley,Colleenstad,Male,2,5541.6
U007483,Kim Gallagher,North Anthony,Male,2,5536.32
U002496,David Day,Jacobsfurt,Female,2,5536.14
U008480,Jay Huynh,Matthewstad,Other,6,5497.74
U006531,Alicia Abbott,Littleland,Female,2,5471.6
U008152,John Douglas,Burtonville,Other,2,5462.08
U009318,Monique Weber,New Adam,Female,4,5457.42
U003347,David Wall,Josephberg,Female,4,5430.4
U003750,Roberto Morales,Kellyshire,Other,4,5421.22
U004464,Gerald Johnson,West Christopherland,Male,4,5411.2
U007631,Nathan Graves,East Michaelmouth,Female,2,5405.2
U009935,Nathan Simmons,Adkinsstad,Female,6,5397.32
U006382,Carol Zavala,New Heather,Male,2,5376.18
U006257,Sara Bush,Port Suzanneberg,Female,2,5369.14
U008520,John Johnson,Stoutville,Other,2,5363.04
U007629,Randy Russo,West Johnton,Other,2,5354.12
U000436,Richard Hayes,Lindaside,Other,2,5346.86
U007465,Jeremy Watkins,Josephfurt,Other,4,5338.16
U003487,Adam Pena,Donnaton,Female,2,5320.62
U007484,Kimberly Jackson,Port Mariafurt,Male,2,5320.62
U008440,Vanessa Hunt,West Amandahaven,Female,2,5313.84
U008953,Melanie King,Lake Kimberlyshire,Female,2,5306.22
U009689,Danielle Farrell,Kimberlyburgh,Female,6,5304.02
U004266,Brianna Bennett,New Stevenmouth,Male,4,5297.2
U004375,Kathryn Duncan,Grayfurt,Other,6,5260.94
U001374,Julie Valdez,West Michelle,Other,2,5220.62
U008843,Kimberly Hernandez,East Rebecca,Female,2,5217.56
U005426,Robert Baldwin,Port Jennaville,Other,4,5207.24
U003468,Joyce Adams,South Tammy,Male,2,5205.12
U001067,Emily Chavez,East Kennethmouth,Other,4,5204.54
U002780,Christina Montgomery,Danielshire,Female,2,5185.14
U004023,Richard Trujillo,East Kimberlybury,Male,6,5169.88
U007112,Rachel Miller,New Nathaniel,Female,2,5166.34
U006527,Brett Sandoval,Michellestad,Female,2,5140.7
U002222,Gavin Gordon,Lake Thomasport,Male,4,5131.02
U005072,Ashley King,Harrischester,Other,4,5110.86
U009193,Bryan Carney,Underwoodmouth,Male,4,5107.08
U000183,Shelly Hendrix,Annview,Other,4,5055.82
U009267,April Powell,East Autumn,Male,6,5046.82
U000941,Morgan Hayes,Port Brian,Other,2,5040.06
U000187,Derrick Oconnell,Santosport,Male,2,5037.22
U000546,Monique Martinez,Barrettberg,Male,2,5020.04
U002931,Sara Taylor,Sydneychester,Other,4,4997.7
U003673,Nichole Roberts,Houstonport,Male,2,4990.72
U009308,James Quinn,Lake Samantha,Female,2,4976.32
U004898,Danny Boone,North Katherine,Other,6,4974.54
U001842,Robert Hamilton,West Jenna,Other,4,4972.56
U000494,Ashley Simmons,East Denise,Female,2,4920.86
U003365,Lisa Page,Coryburgh,Male,2,4912.44
U005376,Lauren Smith,New Wesley,Other,2,4897.38
U009432,Mark Sanchez,Wilkinsfurt,Male,4,4860.16
U009347,James Liu,North Tiffanyview,Male,4,4855.8
U006103,Cindy Kelly,West Brianbury,Female,2,4854.2
U006076,John Hale,Scottmouth,Female,2,4849.82
U002788,James Jones,Bobland,Female,6,4830.64
U006357,John Garza,Hamiltonburgh,Female,2,4789.76
U009371,Kimberly Robertson,West Anamouth,Female,2,4789.74
U003229,Brian Gibson,Pierceton,Other,2,4779.76
U004882,Janice Gonzalez,Powellton,Other,2,4779.16
U005014,Laura Juarez,Meganville,Other,2,4745.7
U000862,Kristin Gray,Jonesland,Female,2,4737.1
U002304,Stephen Williams,Davidmouth,Other,2,4726.74
U005763,Ricardo Tate,Sierraberg,Female,2,4717.54
U003247,Ryan Valencia,South Mary,Male,6,4688.48
U000210,Paul Scott,North Joseph,Male,2,4688.46
U006750,Susan Ashley,Robinbury,Female,2,4675.2
U006446,Kathleen Scott,Brendaview,Other,2,4673.7
U005868,Angela Wood,North Lancehaven,Female,2,4658.38
U004546,Meredith Fry,Port Cassandratown,Female,4,4656.52
U001762,Maria Jones,Whiteville,Male,4,4640.76
U004154,Derek Thomas,Brookstown,Female,2,4629.86
U001871,Patricia Roach,Port Crystalbury,Female,4,4614.08
U000082,Carol Francis,Sarahhaven,Female,2,4605.88
U004001,Jacqueline Hill,Williamsmouth,Male,2,4605.56
U007791,Luke Snyder,Elliottborough,Female,2,4603.26
U009233,Judith Hansen,Michaelland,Other,2,4589.02
U003697,Derek Hancock,Johnland,Male,2,4585.34
U001637,Jennifer Miller,East David,Male,2,4578.22
U006296,Kristy Murray,Arnoldberg,Other,4,4576.9
U003030,Michele Drake,East Samuelburgh,Female,6,4574.58
U005841,Jeffery Reyes,Port Allisonstad,Female,4,4574.34
U008033,Deanna Brown,New Christinaport,Other,2,4551.52
U003449,Mason Owens,Danielfort,Other,2,4516.68
U005752,Eric Jones,West Steven,Male,4,4504.0
U009739,Tim Miller,Lake Mary,Male,2,4494.36
U008123,Carolyn Love,Michaelhaven,Female,2,4489.84
U000521,Amanda Rogers,Annettemouth,Other,2,4470.44
U008892,Andrea Collins,Jeffreyberg,Female,2,4464.34
U002360,Angela Williams,Port Charlesport,Other,4,4450.58
U007159,Douglas Hunt,New Kevinstad,Female,2,4445.32
U001474,Jason Estrada,Beltranchester,Other,2,4430.64
U007153,Autumn Welch,Lake Christine,Female,2,4419.94
U001011,Tammy Taylor,Hansonborough,Female,2,4418.04
U006450,Eric Jensen,Jonesfort,Female,2,4416.72
U006128,Robert Robinson,South Johnhaven,Other,2,4394.9
U005723,Candice Rivera,Kennedyside,Other,4,4392.58
U003127,Matthew Shepherd,Tinachester,Male,2,4384.26
U000207,Adriana Gutierrez,Peterston,Female,2,4356.22
U000357,Joseph Cruz,East Heatherton,Other,2,4342.62
U008159,Donna Murray,Snyderborough,Female,4,4339.68
U001094,Lisa Daugherty,North Donald,Other,4,4337.54
U005760,Peter Lee,West Josestad,Other,4,4307.24
U008113,Emily Barajas,Petersonview,Female,4,4303.44
U006374,Gary Martinez,Lake Angelafort,Female,4,4299.24
U004201,Edward Gonzalez,Smithburgh,Female,2,4286.5
U003192,Lisa Fry,North Matthewstad,Female,2,4282.38
U001838,James Chapman,South Scott,Male,4,4276.64
U005536,Debbie Ramirez,Gillmouth,Female,2,4264.6
U001708,Christopher Daniel,East Marie,Male,2,4242.1
U002602,Michelle Lopez,Robinville,Female,2,4241.52
U003092,Luke Knox,New Lindsay,Other,4,4224.66
U003409,Johnathan Kaufman,Melissaberg,Male,4,4223.38
U001932,Amanda Walker,East Margaret,Male,2,4222.86
U005845,Tyler Colon,Jerryshire,Other,4,4182.74
U002708,Chad Floyd,East Angelachester,Other,4,4178.04
U002440,Patrick Waller,Port Eric,Female,2,4155.76
U009400,Greg Wilson,Lake Jamieport,Other,2,4137.0
U007185,James Gordon,East Cameron,Male,4,4134.88
U007439,Tracy Stewart,South Amy,Other,2,4133.16
U002301,Brandy Mitchell,New Jameshaven,Male,2,4132.52
U003943,Megan Logan,Adamton,Other,2,4127.72
U008420,Luke Banks,Mistyland,Female,2,4118.82
U002769,Michael Campbell,New Jeffreyfurt,Male,4,4108.04
U003584,Jennifer Jensen,Matthewborough,Female,2,4096.28
U009238,Louis Chapman,Jaredview,Male,2,4084.64
U000793,Hayden Williamson,South Hollyton,Female,4,4081.52
U003782,Brandon Fernandez,Amytown,Female,4,4075.62
U001992,Richard Mclaughlin,Port James,Other,2,4072.66
U000986,Anthony Stanley,West Ryanberg,Male,2,4070.84
U005180,Bryan Trujillo,Lisabury,Female,2,4049.34
U001987,Kevin Grant,Breannastad,Male,2,4043.3
U006088,Tanya Rogers,Breannaland,Other,2,4026.38
U001926,Jennifer Kennedy,Bartonside,Other,2,4023.78
U007832,Thomas Henry,Jonesstad,Female,2,4004.7
U003887,Richard Morris,East Jonathanville,Male,4,3996.82
U006395,Lawrence Patterson,North Taraberg,Female,2,3979.32
U008919,Nicole Rodriguez,South Carolynland,Male,2,3976.8
U004314,Erin Carter,Mooremouth,Male,4,3976.2
U004877,Jerry Wood,South Lorifurt,Other,2,3972.54
U009290,Jennifer Joyce,Aguirreland,Other,2,3972.38
U006785,Carl Caldwell,East Amy,Female,6,3968.26
U007633,Christopher Hayes,Medinaborough,Other,4,3966.76
U009497,Elizabeth Williams,Ianland,Female,6,3966.64
U007259,Stephen Boone,Port Brandonmouth,Other,2,3964.34
U007880,Haley Palmer,Nicolebury,Female,2,3959.2
U006417,Donald Anderson,Charlesville,Other,2,3952.04
U001029,John Warner,New Barbarahaven,Male,2,3936.76
U003808,David Ellis,Lauriemouth,Other,2,3928.56
U007613,Norman Chambers,Adamsland,Other,4,3926.36
U002053,Tommy Parker,Loriport,Female,2,3922.52
U003188,Bryan Mitchell,Ashleychester,Other,2,3912.36
U003314,Kenneth Crane,New Ericland,Female,4,3896.08
U006183,Jose Garcia,Mcdanielmouth,Female,2,3894.98
U000773,Norma Clark,East Williamhaven,Male,2,3888.62
U008854,Jon Mitchell,South Zacharyhaven,Other,2,3885.8
U005473,Catherine Miller,Markborough,Other,2,3885.74
U000801,Alexis Hoover,Lake Gary,Female,4,3882.9
U002686,Jerome Anderson,North Andreastad,Other,2,3874.8
U008512,Catherine Gonzalez,Port Markburgh,Male,2,3866.94
U008646,Lisa Rivera,Huntville,Other,4,3861.16
U004047,Kayla Nguyen,Johnside,Other,4,3853.54
U001293,Jeff Arnold,South Andrew,Other,4,3836.08
U003253,Micheal Allen,West Brady,Other,2,3832.62
U007767,Erin Morse,Davidmouth,Other,2,3831.82
U006523,Dean Harris,West Benjamin,Other,4,3826.36
U007566,Gregory Davis,Lake Richardmouth,Other,2,3823.24
U001377,Stacy Howard,North Fernandoshire,Female,2,3815.18
U001008,Donald Meadows,Brianfurt,Female,2,3812.12
U004954,Heidi Adams,West Wesleymouth,Other,2,3809.52
U003331,Erica Bryant,Port Saraton,Male,2,3808.62
U000654,Debbie Scott,East Lauraport,Male,2,3793.3
U004922,Jennifer Robinson,West Nicolemouth,Female,2,3792.44
U009862,Amanda Snyder,Scottbury,Female,2,3791.04
U002158,Gregory Stafford,New Robin,Other,2,3779.74
U004678,Shannon Archer,Christopherchester,Female,2,3756.64
U004407,Patrick Ponce,North Kristine,Male,4,3755.72
U009981,Courtney Juarez,Gabriellastad,Female,2,3753.12
U007268,Donna Morse,West Bridget,Female,2,3749.38
U001151,Theresa Flores,New Keithmouth,Female,2,3747.24
U002731,Megan Pham,Port Stevenmouth,Other,4,3734.78
U000784,Donna Gomez,Marktown,Male,6,3727.42
U008686,Sarah Johnson,Dawnburgh,Other,2,3725.42
U003364,Rachel Martin,Hughesmouth,Other,2,3718.1
U009190,Ronald Dawson,Port Anthonyborough,Female,2,3711.16
U008983,Karen Oliver,Pricehaven,Other,2,3710.12
U006668,Michael Holt,North Franciscotown,Male,2,3698.28
U005389,Ricky Brooks,Garciaport,Other,2,3698.08
U001703,William Palmer,Jonathanstad,Male,2,3694.3
U008652,Vincent Butler,Zhangside,Male,4,3688.72
U008319,Julia Hubbard,Hansontown,Other,2,3684.0
U008272,Samuel Trevino,East Juan,Male,2,3682.44
U001280,Marissa Lopez,South Carla,Other,2,3679.68
U002660,Sean Moran,West David,Other,4,3679.44
U008720,Elizabeth Garcia,Lake Amytown,Female,2,3673.38
U003737,Pamela Henderson,Brewerberg,Other,2,3672.88
U009304,Michele Freeman,Dixonchester,Male,2,3665.52
U002972,Katie Hanson,East Tristanport,Other,4,3663.44
U009291,Amber Coleman,Youngstad,Male,2,3658.22
U001144,Sean Evans,Wrightland,Male,2,3655.76
U008035,Angela Nelson,Kathyland,Female,6,3651.06
U009857,George Guzman,Paynefort,Female,4,3648.2
U004337,Brian Shah,Gilmoreland,Female,4,3642.78
U006150,Teresa Cain,Sarahaven,Other,4,3639.1
U000704,Lauren Richard,Andersonborough,Male,2,3631.52
U009114,Melissa Pearson,North Laura,Male,2,3625.7
U004041,Eduardo Gallegos,East Deannaside,Male,2,3623.68
U009268,Leslie Cline,Lake Lee,Female,2,3609.92
U009430,Jennifer Moreno,Martinezton,Other,2,3601.26
U003319,Daniel Martinez,North Jennifer,Female,6,3592.72
U009070,Aaron Orozco,East Joshuabury,Other,2,3571.44
U007148,Hayden Mercer,Williamton,Male,4,3570.04
U005505,Douglas Martin,Lindsaymouth,Other,6,3561.4
U008565,Andrew Garcia,Lake Kevinport,Female,2,3545.22
U000685,Jessica Navarro,Marcuston,Female,2,3543.8
U009356,Jamie Price,North Kimberly,Female,2,3540.06
U009189,Carlos Barrett,Brandonbury,Male,4,3539.6
U009644,Daryl Bowman,Bakerberg,Other,2,3535.32
U008469,Nicole White,West Jesse,Other,2,3532.24
U005858,Steve Camacho,Taylorborough,Female,2,3520.86
U002757,Austin Tucker,Rebeccastad,Male,4,3461.38
U003413,Joshua Brown,New Benjamin,Female,2,3456.76
U006410,Robin Reyes,Lake Erika,Female,4,3454.44
U005703,Thomas Brown,East Donnaview,Other,4,3439.52
U008773,Tanya Mccoy,Tanyaborough,Other,2,3436.02
U006196,Rachael Moore,West Michelle,Male,2,3434.0
U007987,Travis Rodriguez,Paultown,Male,2,3429.78
U007653,Maria Noble,Port Anthony,Female,2,3425.9
U006570,Angelica Rogers,West Toni,Other,2,3414.82
U008088,Kenneth Garza,Piercefort,Other,4,3413.14
U004053,Rodney Meza,West Jessicaburgh,Male,4,3405.32
U008005,Courtney Fernandez,Robertport,Male,4,3400.44
U003239,Morgan Jackson,Davisside,Male,4,3395.76
U000840,Brittany Lee,New Elizabeth,Other,2,3390.0
U006403,Savannah Lopez,Sancheztown,Male,2,3387.14
U000218,Jesse Mann,Hopkinstown,Other,4,3384.14
U004292,Jacob Floyd,West Danamouth,Male,2,3379.52
U006096,Bryan Black,East Andrewhaven,Other,4,3367.5
U008733,Dawn Rasmussen,Karaberg,Female,4,3367.3
U000930,Michael Chase,Allenland,Female,2,3361.9
U001032,Katherine Gaines,West Tinachester,Male,4,3361.74
U005099,Joshua Mendoza,Port Brianburgh,Female,2,3360.04
U001795,Peter Norris,Jennifermouth,Other,2,3354.18
U001479,Misty Nguyen,Scottborough,Other,2,3352.66
U004910,Michael Mason,Millerport,Female,4,3343.1
U007207,Richard Gonzales,Jenniferville,Female,4,3336.06
U003339,Ashley Green,North Sarahborough,Other,2,3326.9
U004034,Leroy White,Meganton,Other,4,3321.72
U005744,Kimberly Davis,East Donald,Other,2,3316.02
U005373,Kenneth Johnson,New Jessicamouth,Female,4,3315.02
U001668,Alexander Hoffman,Port Crystal,Female,4,3311.16
U001492,Vickie Day,New David,Male,6,3296.34
U008438,Theresa Davis,Lake Joseph,Other,2,3296.28
U002089,Ashley Moore,East Janet,Other,2,3280.38
U005080,Kimberly Mullins,New Nicole,Female,4,3276.78
U004117,Laura Schmitt,Port Christopherburgh,Male,2,3258.96
U000345,Patricia Sherman,East Heather,Other,2,3257.58
U001559,Brian Hahn,New Derrick,Female,2,3257.2
U003161,Anthony Powell,South Christopherside,Male,4,3253.36
U000441,William Hampton,Stevenberg,Other,6,3253.34
U004732,Janet Fuentes,South Douglasmouth,Female,4,3249.9
U002389,Scott Hughes,East Edward,Female,2,3247.72
U001882,Jennifer Beck,Cindytown,Other,2,3243.08
U007194,Lisa Kent,Moniquefurt,Male,4,3231.6
U001594,Stephanie Davis,New Josephberg,Other,2,3226.58
U003451,Seth Edwards,Danaland,Other,2,3225.04
U003183,Jeanette Phillips,New Ashleyview,Male,2,3222.94
U002810,Paul Powell,Hollandmouth,Male,2,3218.62
U001741,Kim Beck,Staffordborough,Other,2,3215.38
U008936,Ronnie Lewis,Campbellmouth,Male,2,3210.5
U003916,Tracy Stevens,South Susanland,Other,4,3202.78
U009289,Ryan Hudson,Richardston,Female,2,3199.96
U004039,Patrick Armstrong,North Ashley,Male,2,3198.5
U005324,Renee Williams,Jacquelineview,Male,2,3194.4
U008721,Virginia Warren,Troyville,Other,4,3193.24
U000912,Susan Ramirez,Luischester,Female,4,3192.92
U000524,Tyler Young,Gregorystad,Other,6,3192.2
U006508,Kevin Mcbride,East Paul,Other,2,3176.16
U001193,Valerie Willis,Samuelport,Female,4,3166.4
U003747,Alicia Mcguire,Port Jeffreyshire,Other,2,3162.22
U006365,Brad Williams,Littlefurt,Female,2,3160.66
U009781,Susan Jackson,Patriciabury,Female,6,3156.3
U005600,Dylan Reynolds,Lake Ginabury,Other,2,3155.14
U004151,Alexander Fletcher,New Patricia,Male,6,3154.12
U003013,Morgan Osborne,West Jennifer,Other,2,3154.08
U008085,George Kim,Williamberg,Male,2,3141.4
U008340,Brian Jimenez,Tonyaborough,Other,4,3139.1
U004661,Stephen Mclaughlin,New Nicholaschester,Female,4,3137.0
U003481,Rebecca Lewis,South Seanville,Other,4,3136.24
U003756,Melissa Dodson,Lake Martin,Other,2,3131.64
U008080,Alan Scott,West Justin,Other,2,3126.16
U006754,Elizabeth Woods,North Mariastad,Male,4,3124.2
U002961,Michael Reynolds,Petersonmouth,Other,2,3123.46
U000393,Phillip Kelley,Jasonhaven,Male,2,3121.34
U001523,Susan Moreno,New Heidi,Other,2,3118.26
U002279,Tyrone Chavez,Hallhaven,Female,4,3114.44
U009702,Austin Mitchell,Michellebury,Other,2,3106.52
U006402,Alexis Campbell,Port Allisonside,Other,2,3102.88
U003899,Stacey Daniels,Shawnfurt,Male,2,3102.08
U008693,Brian Hartman,Buchananview,Other,4,3099.38
U009989,Amanda Silva,Trevorport,Other,2,3098.44
U000336,Linda Lang,Lake Tylerport,Male,4,3093.52
U008656,Jennifer Pineda,Moorestad,Male,4,3089.6
U001301,Andrew Vasquez,East Claire,Female,2,3088.2
U001438,Cheyenne Taylor,South Catherineport,Female,4,3087.36
U005423,Catherine Morales,East Jose,Other,2,3085.54
U001646,Erica Griffin,North Anna,Other,4,3084.02
U001750,Christine Calhoun,North Patricia,Female,2,3076.36
U008887,John Garcia,Stephanieview,Male,2,3074.5
U000368,Daniel Carr,Summersborough,Female,4,3072.16
U009810,Samuel Joseph,New Adambury,Female,2,3071.56
U009867,Marie Sims,Port Dawnland,Male,4,3067.04
U004903,Rodney Frank,Fisherfurt,Other,8,3058.24
U008978,Daniel Vasquez,Port Andrea,Other,4,3057.74
U001351,Austin Wilson,Lake Julietown,Other,2,3056.18
U009777,Nicholas Hammond,Davisbury,Other,6,3048.1
U009708,Logan Welch,Brandonhaven,Other,2,3047.68
U009828,Michaela Huber,Lisaberg,Female,2,3047.06
U005218,Jasmin Benitez,North Brenda,Female,2,3040.44
U003734,Teresa Fisher,Guerreroshire,Female,4,3035.02
U009545,Kimberly Ellis,Georgeport,Other,4,3034.36
U002412,Sarah Brooks,Rodriguezstad,Male,2,3031.4
U009071,Ann Lopez,Thomasmouth,Male,8,3027.06
U002207,Vanessa Mcdonald,Port Dawnhaven,Female,2,3022.22
U004457,Michael Preston,West Emmachester,Other,2,3022.22
U007515,Pamela Young,Davidland,Female,2,3021.32
U002847,Gerald Vaughn,East John,Other,4,3019.42
U001389,James Rogers,Jamesstad,Female,4,3017.54
U003547,Stephanie Bennett,West Rachel,Female,4,3016.22
U007270,Veronica Robertson,Jessicaton,Female,2,3014.7
U003146,Roger Pham,Riosfurt,Other,2,3008.62
U001229,John Peters,Port Robertberg,Male,2,3008.4
U009411,Stephanie Torres,Underwoodfort,Other,2,2999.32
U002240,Kristin Perry,Reyesview,Other,4,2996.72
U009718,Chelsea Ramirez,Lake Leslietown,Male,2,2991.18
U005177,Elizabeth Martin,Jimenezstad,Male,2,2990.02
U008426,Kaitlyn Dunlap,Allisonstad,Male,2,2988.66
U005729,Austin Reid,East Robinfort,Other,2,2987.96
U003079,Debra Rangel,Stewartland,Male,4,2987.74
U009656,James Smith,East Tara,Other,2,2982.34
U008463,Robert Cantrell,New Kaitlyn,Male,2,2980.54
U009448,Brett Collier,Nathanmouth,Other,2,2975.48
U001142,Matthew Villa,South Juanville,Female,4,2974.78
U003886,Scott Jones,Christophertown,Female,2,2973.24
U000396,James Tucker,Lindseychester,Male,2,2969.88
U008614,Robert Rodriguez,Port Christopherland,Female,2,2968.86
U006037,Joanna Lin,East Kelly,Female,6,2966.2
U004232,Clayton Miller,New Julie,Male,2,2961.3
U006310,Evan Nash,Watersmouth,Male,4,2958.24
U005777,Miranda Torres,Nancyfurt,Other,2,2956.86
U003269,Joseph Schroeder,North Kevinfort,Other,2,2955.82
U001974,Sarah Russell,Lauraburgh,Other,2,2948.88
U001982,Sandra Ayala,New Lindsey,Female,2,2946.4
U004983,Robert Powell,Samanthaton,Male,4,2942.12
U000684,Eric Miller,West Taramouth,Male,4,2942.0
U000992,Martin Gibson,West Nicole,Other,2,2937.04
U005117,Barbara Kirby,Port Michellestad,Female,6,2925.82
U007150,Jennifer Mendoza,Elizabethville,Other,2,2923.34
U003602,Peter Hayes,New Sophiamouth,Male,2,2921.68
U009510,Joshua Neal,Joannton,Other,2,2914.98
U005262,Kimberly Harris,Port Geraldview,Male,2,2914.84
U002748,Justin Davidson,Lake Ryanstad,Other,4,2914.24
U009014,Raymond Rivera,Murphyview,Female,2,2905.7
U005171,Jordan Evans,New Bryanfurt,Other,4,2901.32
U004211,Jacob Schaefer,Port Maryhaven,Male,4,2900.76
U003233,Daniel Rice,Roberthaven,Female,2,2897.7
U001585,Sarah Long,Jacobbury,Male,2,2889.94
U008275,Linda Vargas,Singletontown,Male,4,2887.36
U003919,Natalie Jackson,North Angela,Male,2,2886.62
U002404,James Santos,Port John,Other,2,2880.96
U002953,Peter Buchanan,Juliechester,Other,4,2875.94
U009645,Alex Jacobs,Flynnmouth,Other,2,2874.28
U007118,Melanie Bryant,South Williamchester,Female,2,2871.7
U001016,Lisa Hernandez,Austinmouth,Other,4,2870.72
U000675,Christopher Harrison,Ericksonview,Female,2,2870.36
U001061,Robert Hudson,New Jorge,Female,2,2867.56
U001513,Vicki Wood,Blairside,Other,4,2867.0
U002382,Meagan Bennett,Michaelport,Male,2,2863.2
U007815,Nicole Charles,New Brandon,Other,4,2859.96
U007151,Jennifer Ward,Lake Dennis,Female,6,2859.02
U003360,Brian Bryan,Stacieberg,Male,2,2855.72
U005087,Lorraine Sanchez,New Kaylee,Male,4,2853.9
U006560,Justin Perry,Lake Julianmouth,Female,2,2853.9
U005914,Kimberly Martinez,West Nicoleshire,Female,4,2852.74
U005263,Joe Black,New Laurentown,Female,2,2852.02
U004360,Damon Watson,Johnsonmouth,Male,2,2848.76
U001509,Laura Gordon,New Elizabeth,Male,2,2848.54
U007457,Eric Mosley,North Sylviachester,Female,4,2846.84
U002558,Michelle Wright,Markmouth,Male,2,2843.26
U009892,Ashley Mccormick,Port Amandahaven,Other,2,2839.14
U005955,Ryan Johnson,Port Angelaville,Other,6,2839.06
U007395,Tracy Kirby,Johnfurt,Female,4,2835.08
U004381,Susan Peters,West Jenniferton,Male,2,2830.3
U005664,Jerry Roberts,East Coreyfurt,Other,2,2826.82
U009952,Cameron James,South Rachel,Male,2,2826.34
U009902,Sylvia Dorsey,West Paulshire,Female,6,2823.86
U006892,Cheryl Greer,South Robertville,Other,2,2823.08
U002657,Nathan Tran,Sarahville,Other,2,2818.88
U002822,Diana Lee,Port Erinside,Other,2,2810.88
U006603,Steven Miller,Lamburgh,Other,2,2807.3
U001068,Zachary Fox,East Bobby,Other,2,2801.44
U004162,Erica Bender,New Carol,Other,2,2794.5
U007164,Patricia Velez,Lake Jessetown,Male,4,2790.58
U006387,Matthew Hall,Jasonberg,Female,2,2790.5
U003534,Sara Ayala,Jessicaberg,Male,2,2788.28
U008637,Samuel Barron,West Jessica,Other,2,2782.28
U007029,Marie Lynch,Lloydfurt,Female,2,2775.26
U009269,Jeffrey Alvarez,East Bruceburgh,Female,4,2774.96
U000890,Charles Payne,North David,Female,2,2773.98
U008376,Richard Salazar,North Williamville,Other,2,2770.36
U004086,Stacy Herman,Andersonfurt,Other,2,2770.34
U009376,Brenda Morrison,East Stephanieshire,Other,6,2770.3
U003088,Raymond Wheeler,South Jonathanview,Female,2,2760.7
U000871,Julie Klein,Oconnellhaven,Male,2,2759.74
U001660,Eugene Martinez,Samueltown,Female,4,2759.56
U002336,John Stephens,Port Angelport,Female,4,2758.92
U001817,Michael Bruce,Lake Christopher,Female,2,2756.34
U002417,Sara Johnson,Merritthaven,Other,2,2754.28
U001408,Christopher Williams,East Andre,Male,2,2753.58
U000416,Kristine Lane,Robertville,Female,4,2741.42
U000796,Randy Smith,Washingtonland,Other,6,2738.06
U002260,Jeanette Hogan,Brownside,Male,2,2737.16
U008589,Dennis Good,North Angela,Male,2,2728.86
U009206,Juan Hayes,Adrianaville,Female,2,2727.92
U005369,James Kelley,Lake Sarahtown,Other,2,2720.6
U007947,Christopher Williams,Port Sharon,Female,2,2718.8
U007243,Brenda Grant,New Sarahview,Male,2,2714.36
U009670,Shari Oconnor,East Evanview,Female,2,2712.88
U000173,Nicole Pena,Andersonview,Male,2,2705.26
U003051,Ryan Bates,Robinsonton,Male,2,2697.94
U000206,Brian Gordon,Joelberg,Other,2,2690.26
U004306,Mary Anderson,New Veronicaborough,Female,4,2683.78
U007869,Dustin Hall,South Dennishaven,Female,2,2681.52
U008848,Timothy Garcia,Gilmoreville,Male,4,2675.2
U003739,Glenn Smith,Floydstad,Male,2,2664.62
U008868,Elizabeth Smith,Kaylahaven,Male,4,2662.72
U009515,Patricia Kirby,New Alexandra,Male,2,2656.38
U006793,Emily Vasquez,West Melinda,Other,2,2650.12
U007780,Timothy Lee,Matthewsborough,Female,2,2650.12
U000167,Michelle Miller,South Pamelaside,Female,2,2648.22
U004943,Benjamin Stokes,Deanshire,Female,2,2648.22
U008227,Jane Howell,Lake Kenneth,Other,2,2646.5
U008569,Jessica Hunt,East Vincent,Other,2,2646.24
U006836,Megan Hansen,Lake Donaldshire,Other,4,2610.88
U009060,Gina Phillips,East Nicole,Female,2,2600.4
U009251,Dana Conrad,West Devin,Female,2,2595.96
U005941,Steven Cordova,East Stephenbury,Male,2,2581.72
U001844,Shirley Green,Bakerhaven,Other,2,2579.62
U005698,Mathew Bailey,Robertside,Other,6,2578.86
U004163,Benjamin Cruz,South Dustinshire,Other,4,2577.76
U009097,Joshua Mcdonald,West Paulahaven,Male,2,2575.9
U005893,Rachel Jones,North Meganview,Female,2,2574.98
U003910,Aaron Vaughn,South Gregorymouth,Male,4,2574.16
U006516,Thomas Wright,Webbstad,Other,2,2572.56
U006911,Michael Calhoun,North John,Other,2,2571.02
U008865,Sherry Lopez,Anthonytown,Male,2,2566.9
U005029,Daniel Gardner,East Pamela,Other,4,2564.62
U002844,Megan Pierce,South Evelynburgh,Other,2,2560.3
U003858,Troy Fowler,Lake Kimberlyberg,Other,2,2559.1
U003273,Jacob Ellis,Mckenzieburgh,Male,4,2558.74
U006624,Sean Myers,Paulland,Female,2,2556.56
U002331,Patrick Carter,South Evelynside,Other,4,2555.84
U008923,Michael Webb,North Jasonbury,Male,2,2552.68
U006354,Bryan Petersen,Michaelfort,Female,2,2549.5
U001432,Lisa Moore,West Joefort,Female,4,2547.72
U002001,Cody Khan,Heathermouth,Male,2,2542.06
U007541,Alison Patterson,New Timothy,Male,2,2539.5
U005928,Andrew Mathis,Odonnellshire,Male,2,2536.72
U001530,Wendy Johnson,Port Carla,Other,4,2531.36
U003019,Lauren Thompson,Taraburgh,Male,2,2530.6
U003839,Danny Robinson,Pooleberg,Male,4,2525.1
U001406,Brandon Perez,Christianview,Other,2,2522.74
U005683,Jonathan Curtis,North Carlmouth,Other,2,2521.76
U003982,Alyssa Evans,Brianbury,Female,2,2515.04
U009295,James Wood,Port Troymouth,Other,2,2506.58
U007611,Kathy Green,Port Daniel,Other,2,2505.38
U005233,Crystal Garza,Port Williambury,Other,4,2505.0
U000743,Nicole Dougherty,Matthewmouth,Other,2,2502.62
U003289,Diamond Stafford,North Michael,Other,4,2501.9
U002960,Mark Ellis,Jonesmouth,Other,4,2500.94
U001537,Cody Francis,Port Veronica,Male,2,2498.08
U009117,Jacob Adams,Lake Geneton,Female,2,2492.52
U009847,Jacqueline Wilson,Grahamville,Female,2,2491.2
U008179,Timothy Miller,Lake Renee,Other,4,2484.42
U004247,Stephen Russell,Daniellebury,Other,6,2479.74
U004812,Kathryn Hall,Boydview,Other,2,2479.06
U000161,Tracie Conner,Tannerside,Other,4,2478.74
U007147,Amy Edwards,Kristophermouth,Female,2,2478.62
U009505,Donald Ferguson,Amymouth,Male,6,2477.08
U005961,Paul Smith,Thomasshire,Male,4,2473.7
U005128,Sally Moss,Port Brookeshire,Male,4,2472.68
U007965,Gabriella King,Kaylaside,Female,2,2472.44
U004855,Heather Garcia,Port Candice,Other,2,2471.4
U009652,Tammie Morris,Petersonfurt,Male,4,2460.6
U000276,Brenda Hines,East Christopherchester,Female,2,2458.32
U007052,Laura Jones,Floresberg,Other,2,2457.86
U006618,Stephanie Ali,Nancyhaven,Female,2,2457.6
U001161,Dillon Harvey,Chelseaburgh,Male,4,2455.3
U009253,Jennifer Cisneros,North Lisa,Female,2,2452.26
U002733,Michael Miller,Lunabury,Male,2,2450.46
U008209,Matthew Taylor,East Patriciamouth,Female,4,2441.44
U004977,Tammy Silva,Lake Jamesberg,Other,4,2437.98
U004350,Jennifer Daniel,New Amandastad,Male,2,2437.82
U004383,Kimberly Romero,Port Chadville,Other,4,2436.98
U004128,Christy Andersen,Downshaven,Male,2,2434.1
U000820,Crystal Rhodes,West John,Male,4,2433.98
U004612,April Carter,Lake Zacharyhaven,Male,4,2426.44
U001192,Jennifer David,Wattsfort,Male,2,2424.94
U000606,Gregory Erickson,South Jorge,Male,2,2422.14
U008676,Matthew Chapman,Martinhaven,Male,2,2418.48
U005917,Joseph Fleming,Moralesville,Other,2,2413.56
U005966,Kathleen Fisher,Lynnview,Female,2,2413.3
U005742,Nicole Roach,Port Kevinville,Other,4,2411.54
U004338,Kelsey Shaw,Erinmouth,Other,4,2410.32
U006140,Gregory Nelson,Lawsonchester,Male,2,2408.0
U000154,Rhonda Mendez,Lake Danastad,Other,2,2406.12
U003555,Jeremy Salinas,East Nicholasburgh,Female,2,2405.58
U008134,Melissa Morrison,Manuelton,Other,4,2404.4
U005702,Shawn Greene,New Ashleebury,Female,2,2403.52
U005662,Aaron Todd,Hillchester,Male,2,2402.04
U009331,Amy Merritt,Robbinschester,Female,2,2393.16
U002818,David Dominguez,West Marco,Female,2,2390.98
U004150,Lauren Olson,South Jamesbury,Female,2,2375.28
U000188,Debbie Velez,East Robertburgh,Female,4,2371.98
U009778,Zachary Russell,East Becky,Other,2,2369.38
U009610,Amy Smith,West Molly,Female,2,2368.74
U008132,Lori Silva,Lake Rebeccaton,Other,2,2365.72
U003788,Tamara Wilson,Port Robert,Female,2,2363.88
U006763,Nathan Cooper,North Lindsaymouth,Other,2,2363.58
U006810,Scott Guerrero,East Davidberg,Other,2,2362.72
U001757,Patricia Moyer,Dwaynestad,Other,6,2357.76
U005384,Dan Smith,West Helenfurt,Female,2,2355.0
U004413,Vincent Stark,Nelsonborough,Male,4,2353.64
U009073,Eric Shelton,South Isaiahfurt,Female,4,2349.42
U009090,Karen Rivers,New Karinamouth,Male,2,2344.48
U004784,Diana Hendrix,Annemouth,Other,2,2343.18
U009513,Trevor Perry,South Jeremy,Other,2,2330.64
U006548,Anthony Howard,Moniqueview,Female,2,2324.24
U009646,Lauren Bishop,North Morganbury,Other,2,2323.86
U005499,Michael Dorsey,West Sandrashire,Male,4,2320.84
U006814,Jonathan Haynes,Matthewland,Other,4,2320.2
U005489,Samantha Carpenter,Osbornestad,Female,4,2318.56
U009219,Cynthia Smith,South Mary,Other,6,2314.32
U008509,Scott Harris,South Maxwell,Female,2,2311.14
U004415,Steven Walters,Smithfort,Male,2,2308.02
U007665,Sarah Richardson,Parkerville,Other,2,2308.0
U008197,Amanda Thompson,Lake Aliciaview,Other,4,2307.42
U000160,Kelly Evans,Port Michael,Other,2,2304.54
U003703,Matthew Haynes,West Angelaland,Other,4,2301.96
U003439,Ashley Cobb,Port Jodichester,Male,2,2301.14
U005309,Amanda Robinson,Lloydport,Female,2,2292.3
U005718,Whitney Ortiz,South Donaldmouth,Other,2,2291.9
U004108,Patrick George,Lake Monica,Other,2,2286.38
U007599,Victor Harrison,East Markhaven,Male,4,2285.3
U006768,Sandra Ford,Robertfort,Other,2,2281.1
U000583,Christine Huffman,Brianville,Other,4,2274.94
U003776,Brittany Hogan,Angelaburgh,Female,2,2274.66
U007454,Elizabeth Moore,Anaborough,Female,2,2273.0
U004643,Elizabeth Roy,Smithshire,Other,2,2269.86
U002069,Benjamin Peterson,East Robert,Female,2,2269.56
U005339,Jenna Soto,Hernandezborough,Other,2,2267.2
U001572,Lindsey Dalton,North Donna,Female,6,2266.98
U008994,Brian Mullins,Port Justinburgh,Female,2,2258.66
U008730,Kathleen Norman,Jessicaton,Female,2,2258.46
U001218,Kevin Page,Kathleenberg,Female,2,2254.94
U000003,Adam Shaffer,Curtisfurt,Male,4,2253.46
U007871,Linda Howell,North Eric,Other,4,2246.22
U002291,Holly Robinson,Stantonside,Female,2,2241.64
U003576,Paul Fisher,Robertborough,Female,8,2230.98
U001679,Larry Stafford,North Davidberg,Other,2,2228.94
U009493,Michael Stanton,Williamsberg,Other,2,2227.58
U004138,Brendan Henderson,South Peggychester,Other,2,2226.58
U002644,Riley Rodgers,North Natasha,Other,4,2225.4
U002534,Kara Watson,East Timothyview,Male,2,2222.52
U003072,Paul Rocha,East Robinstad,Female,4,2220.04
U002632,Marcus Cooper,Hillmouth,Male,4,2212.78
U008775,Jeanne Morrison,West Dennis,Other,6,2211.92
U000031,Scott Thornton,New Barry,Female,2,2209.34
U000607,Anna Johnson,New Kevin,Other,2,2206.1
U005170,Shawn Stewart,Lake Jaketon,Female,2,2206.06
U000394,Jack Jensen,Newmanland,Male,2,2200.04
U000022,Richard Brown,Mitchellside,Other,2,2195.94
U000927,Terri Park,New Lindseyberg,Female,2,2195.92
U002678,Jennifer Palmer,West Patrickberg,Female,2,2195.72
U009384,Alex Morris,Danielview,Female,2,2194.66
U003796,Elizabeth Charles,Lake Kimberlyton,Female,4,2192.06
U008794,Christopher Carter,Williamsmouth,Female,4,2190.8
U009602,Mary Vargas,Murphystad,Female,2,2190.66
U008765,Lori Jennings,Lake Linda,Female,2,2186.74
U003243,April Reeves,Sarahstad,Other,2,2186.38
U002522,Christian Cooper,Lake Dawnfort,Female,2,2179.08
U004544,Gerald Frye,West Katherine,Male,2,2176.08
U001271,Anthony Rasmussen,Rodgershaven,Female,2,2174.36
U002808,April Alvarado,East Ashley,Male,4,2170.92
U009242,Peter Hurley,Christopherside,Male,2,2166.76
U005743,Terrence Richmond,West Lauren,Female,2,2164.06
U009377,Richard Shaw,New Renee,Other,2,2160.92
U009782,Albert Hill,Heatherville,Female,2,2158.96
U005588,Blake May,South Jessica,Other,2,2156.8
U003909,Natalie Hernandez,Peterfort,Other,2,2154.72
U005701,James Smith,Shelleyshire,Male,2,2153.06
U002641,Michael Green,South Blake,Male,2,2151.3
U008851,Deborah Calhoun,Wilsonhaven,Female,2,2150.8
U003384,Laura Ellison,Rebeccaberg,Male,4,2150.56
U006991,Jonathan Lang,Jessicaside,Other,4,2149.24
U003838,Douglas Leach,Jonathanshire,Other,2,2146.7
U009109,Derek Green,South Kelly,Other,2,2145.66
U001431,Mark Miller,Port Leeton,Female,2,2145.54
U008481,Timothy Collins,West Isaiahton,Other,2,2145.52
U009108,Phillip Rosales,Jacquelineton,Male,2,2142.0
U008226,Melissa Smith,Port Crystal,Other,4,2141.22
U004853,Tony Taylor,Dustinchester,Other,4,2136.48
U004961,Richard Trevino,Port Brenda,Male,4,2135.36
U005597,David Wall,East Scott,Female,4,2134.72
U004227,William Murphy,North Amyhaven,Female,6,2130.64
U008345,Raven Steele,Johnnymouth,Other,8,2130.06
U009963,Ashley Black,Davieschester,Female,4,2127.6
U002705,Brittany Harper,Caseyfort,Male,2,2125.52
U007319,Matthew Walters,Lindastad,Other,2,2120.86
U001574,Seth Garcia,North Tina,Other,2,2119.16
U002969,Rachel Ward,Lake Anthonyfort,Male,2,2115.02
U003255,David Rodriguez,Hayesbury,Other,4,2114.74
U006559,Gabrielle West,Taylorborough,Male,2,2114.68
U000192,Richard Patterson,Morrisbury,Male,4,2114.48
U004269,Natasha Burke,West Victoria,Male,4,2111.2
U005613,Christopher Harrison,New Susan,Female,2,2110.86
U006806,Maria Carr,Hubbardstad,Other,4,2110.36
U001771,Kristi Boyd,South Danielville,Female,2,2109.14
U000770,Mike Watson,Johnsland,Female,2,2092.88
U003820,Todd Carter,East Keithville,Male,6,2091.78
U001052,William Alexander,Theresatown,Other,6,2091.5
U002427,Jennifer Smith,South Laura,Other,2,2091.4
U009638,Kaitlyn Reid,Lauramouth,Male,2,2086.78
U002497,Susan Lamb,Port Ronaldland,Male,4,2082.3
U002026,Corey Garcia,Jamesview,Female,2,2079.58
U000299,Kimberly Cooper,North Paula,Female,6,2077.56
U006032,Mary Martinez,Markton,Other,4,2077.24
U001153,Edward Dickerson,Scottton,Male,4,2075.1
U001322,Victor Graham,North Stephaniefort,Female,2,2070.66
U000201,Tiffany Brewer,Bennettside,Male,2,2067.72
U002115,Wendy Martin,South Anita,Other,4,2064.36
U006913,Sherry Cole,Julietown,Other,4,2060.76
U002114,Gary Adams,Armstrongmouth,Female,6,2059.72
U005238,Renee Henry,North Rachelmouth,Female,2,2059.08
U007628,Alyssa Clark,North Danielleshire,Female,2,2057.76
U005354,Mark Lyons,West Davidton,Male,4,2054.72
U006660,Christine Friedman,Brownmouth,Female,6,2048.42
U001939,Angela Castillo,Frankland,Female,4,2048.38
U005496,Dakota Burns,South Michael,Male,4,2048.36
U004894,Luke Molina,Lewisville,Female,2,2044.64
U001919,Joseph Phillips,Hillmouth,Male,2,2042.24
U003554,Brian Aguilar,West Gary,Female,2,2042.06
U004923,William Roach,Jessicaburgh,Other,4,2041.36
U008724,Danielle Davis,Lake Markfort,Other,4,2035.94
U007264,Alexa George,New Brian,Other,2,2035.44
U000745,Heather Burns,New Anthonymouth,Female,2,2034.22
U000998,Stephanie Fowler,West Renee,Male,2,2030.94
U000349,Cindy Wheeler,Lake Darrellmouth,Male,4,2028.24
U002620,Dennis Robertson,Baileybury,Male,2,2027.76
U006477,Mark Martin,Burnettland,Female,2,2026.52
U007277,Sherri Frost,South Robintown,Male,2,2025.98
U009334,Kevin Martin,Michellechester,Male,4,2017.96
U008752,Kathleen Lee,Marieburgh,Other,2,2017.34
U002429,Denise Dorsey,Solomonberg,Other,2,2014.96
U005659,Gary Saunders,West Dannystad,Female,2,2014.06
U006339,Katherine Hamilton,Cooperhaven,Female,2,2013.72
U009660,Craig Miller,Mckayshire,Male,4,2013.4
U007586,Wendy Burnett,West Jamesfurt,Female,4,2010.86
U003047,Stephen Mooney,Wrightside,Female,2,2006.02
U000869,Chase Allen,Angelafort,Female,2,2004.24
U006268,Zachary Lara,New Sarahland,Female,2,2001.24
U008674,April Norris,Chelseaport,Female,6,2001.08
U003829,Amy Doyle,Alejandroshire,Female,2,1998.4
U002704,Bethany Lynch,Smithchester,Male,2,1998.24
U000628,Samantha Harris,Port Julie,Male,2,1992.36
U005822,Jennifer Reyes,Brownberg,Male,2,1991.3
U007881,Jeremiah Reed,East Angelaside,Male,4,1984.76
U002611,Sara Hernandez,Jacksonfurt,Male,2,1983.04
U009840,Jack Rhodes,North Amber,Female,4,1979.28
U003376,Aaron Brown,Millerburgh,Other,2,1971.24
U009460,Jodi Kelly,Parkerfort,Female,2,1970.7
U003978,Kevin Santana,New Steven,Male,2,1970.2
U009651,Michael Chaney,Mcguireshire,Other,4,1966.22
U002047,Lori Richards,Wrightmouth,Other,4,1959.52
U007420,Danielle Mccullough,New Jordanmouth,Other,2,1954.74
U000902,Chad Jones,Lake Alisontown,Other,4,1953.24
U008178,Robert Norton,Jenniferland,Other,2,1952.9
U003729,James Sanchez,Maryfort,Male,2,1952.42
U000591,Michelle Robinson,Fitzgeraldbury,Female,2,1940.58
U002090,Hayley Dalton,North Bonnie,Male,2,1940.2
U008024,Joshua Guzman,Yuside,Other,2,1936.38
U002908,Gina Tucker,Lake Stacyfort,Other,2,1935.56
U007550,Nancy Cross,Herreraborough,Other,2,1927.02
U001103,Carl Fields,Justinchester,Female,2,1924.06
U000570,Aaron Finley,Evelynfurt,Female,6,1923.5
U003172,Deborah Nolan,East Michael,Other,4,1921.28
U008369,Jacob Cook,West Chadmouth,Male,2,1913.22
U009632,Christopher Cervantes,Williamsshire,Other,4,1912.8
U000078,Aaron Booth,Cindyfort,Female,2,1912.58
U001356,Jacqueline Conner,Hooverside,Female,2,1910.72
U000016,Debra Kim,Andrewside,Female,2,1909.72
U002572,Belinda Burke,Port Kellyhaven,Female,2,1908.48
U008710,Stephanie Campos,New Coreyburgh,Female,4,1906.68
U005187,Emily Anderson,Mercadoshire,Other,2,1904.08
U000479,Matthew Hobbs,Lake Kimberlyfurt,Male,4,1903.48
U005758,Stephen Morales,Kennedyborough,Male,2,1899.4
U004376,Michael Jones,Smithberg,Female,4,1898.86
U008476,Patrick Hughes,Craigbury,Male,2,1897.38
U008725,Julie Kelley,South Christineville,Female,2,1895.96
U006558,David Hernandez,Johnsonfort,Female,2,1894.48
U005471,Brittney Cantrell,Lopezbury,Female,2,1892.94
U006067,Kimberly Cohen,South Jennyfurt,Other,2,1889.12
U004084,Corey Mclean,New Susan,Male,2,1886.52
U006613,Kelly Hudson,New Bettyhaven,Male,2,1882.06
U002487,Elizabeth Rivas,East Karentown,Other,2,1879.64
U008004,Ashley Davenport,Lake Donna,Male,2,1879.12
U006706,Jason Howard,Taylorhaven,Male,4,1878.84
U008968,Hector Frederick,Schaeferville,Female,2,1876.5
U001292,Laura Brooks,Evanschester,Male,2,1875.7
U003520,Jessica Lee,South Frederick,Other,2,1871.38
U000270,Patrick Richmond,East Angelaport,Male,4,1871.36
U005581,Kathy Stone,West Ashley,Other,4,1870.54
U007080,Logan Morris,Port Emilyfort,Female,4,1862.92
U008333,Jose Richard,West Megan,Female,4,1861.08
U005156,Donna Jones,South Tom,Other,2,1859.46
U004248,Ashley Perkins,Lake Robertside,Male,2,1855.2
U006845,Steven Lee,Michaelside,Male,4,1853.76
U004847,Jeffrey Graves,Fowlerland,Other,2,1852.3
U003455,David Harvey,New Eric,Female,4,1848.88
U005060,Amanda Williams,Whitestad,Other,4,1847.22
U003915,Melinda Sutton,South Kenneth,Other,2,1845.1
U004520,Denise Long,Henryview,Male,4,1842.22
U006868,Chad Fuller,West Jennifermouth,Other,2,1842.0
U004153,Eric Bowman,West Michaelberg,Other,2,1839.14
U005148,Joyce Levy,Lake Joshua,Female,2,1838.34
U007738,Christopher Hickman,Wellsport,Female,2,1837.92
U006914,Tracy Miller,Tonyashire,Other,2,1837.74
U008048,Thomas Wilson,Richardburgh,Male,2,1836.48
U007304,Michael Bond,North Joseph,Male,2,1834.46
U001449,Benjamin Maynard,Andrewshire,Other,2,1833.34
U001066,Joy Graham,East Paulashire,Female,4,1832.68
U000725,Carolyn Ortiz,North Nathan,Female,4,1830.94
U006169,Gregory Mack,Ricardomouth,Other,2,1829.66
U003370,Mallory Cooper,Shermanland,Male,2,1828.32
U001255,Jason Hayes,Port Amber,Female,4,1827.12
U005621,Timothy Woods,East Mark,Other,2,1825.2
U001175,Penny Smith,West Charlotte,Male,2,1815.28
U002988,Andrea Dean,Port Beckyburgh,Other,2,1815.04
U006337,Margaret Miller,Lindsayfurt,Other,2,1814.52
U008058,Michael Brown,Nicholasberg,Male,4,1807.26
U009588,Angela Hernandez,Samanthafort,Male,2,1804.96
U001604,Patrick Willis,Colemouth,Other,2,1804.82
U006377,Brittany Hill,South Justin,Female,2,1801.44
U008421,Michael Horton,East Kaylaport,Male,2,1799.58
U006267,Albert Williams,Bradleymouth,Male,4,1796.96
U000623,Douglas Taylor,North Jeffery,Male,6,1795.06
U001806,Lori Walker,Rossmouth,Other,4,1794.58
U007564,Lauren Williams,Muellershire,Female,2,1794.46
U003277,Brent Williams,South Belindastad,Other,4,1790.12
U002423,Timothy Hansen,Pattersonfort,Male,2,1785.54
U006830,Michael Horton,Chavezport,Male,4,1785.02
U003499,Michael Chapman,Bowersstad,Other,2,1785.0
U006380,Charles Bryant,Lake Lauraland,Male,2,1784.82
U004037,Andrew Reeves,Jessicastad,Male,2,1781.34
U005827,Sherri Goodman,Gordontown,Male,2,1772.94
U003005,Karen Valentine,Jacobfort,Female,2,1770.54
U008401,Jessica Roberson,Chadtown,Male,2,1768.82
U005546,Katherine Hawkins,Port Jessica,Other,2,1768.68
U000379,Rhonda Bush,West Shane,Male,2,1768.5
U009274,Gary Mccormick,West Michael,Other,2,1763.58
U003053,Teresa Bell,East Stacey,Female,2,1762.02
U007084,Dominic Bray,Lauraview,Male,2,1759.14
U007332,Beth Hatfield,New Heather,Female,2,1757.46
U000242,Robert Nixon,Matthewborough,Male,2,1755.64
U005631,Julia Foster,West Ryanburgh,Other,2,1754.3
U002321,Natalie Mann,Dakotafort,Female,2,1749.58
U005209,Luke Lyons,Woodmouth,Other,2,1746.02
U002313,Matthew Heath,Evansport,Male,2,1744.96
U002625,Christopher Moss,Jessicaberg,Male,4,1742.7
U002362,Cody Rios,New Benjamin,Female,2,1742.06
U004309,Kayla Richardson,Catherinestad,Male,2,1742.06
U000486,Nathaniel Todd,Port Marissa,Male,2,1740.06
U008248,Brittney Williams,Norrishaven,Other,2,1734.98
U006909,Judith Ross,Andrewtown,Other,2,1732.98
U002117,Matthew Blackwell,South Jessicabury,Male,4,1732.38
U003214,Anna Smith,Pearsonview,Male,2,1730.2
U000833,Sheila David,Carterborough,Female,2,1728.32
U000464,Joshua Guerra,Ambermouth,Female,4,1727.66
U001299,Holly Campbell,Daviston,Female,2,1724.48
U004768,Haley Riggs,Williamshire,Male,2,1723.24
U000261,Aaron Schroeder,Melissaside,Other,2,1723.22
U007121,Lori Frederick,East Charles,Female,2,1721.1
U009826,Lindsay Gardner,Shawnville,Other,2,1720.82
U006679,Sarah Guzman,West Shirleymouth,Other,4,1715.54
U002008,Jeffrey Forbes,Port Annberg,Female,4,1711.92
U003922,Vanessa Coleman,New Wendyborough,Male,2,1710.84
U009280,Kimberly Pugh,New Thomas,Female,4,1710.8
U002606,Christopher Joseph,Christinaport,Male,2,1709.68
U005107,Crystal Foley,Patrickmouth,Male,2,1706.14
U007400,Rose Vega,Lake Christine,Other,4,1703.88
U006948,Holly Soto,South Kyleshire,Male,2,1701.22
U001790,Angela Flores,New Jessicaville,Female,2,1700.82
U007598,Caitlin Graham,Jasonland,Female,6,1700.12
U007746,Amber Stevens,Elizabethmouth,Male,2,1698.22
U005530,Alan Miller,West Katherineburgh,Female,2,1696.52
U007973,Donna Johnson,Smithbury,Female,2,1694.84
U007660,Matthew Franklin,Lake Melissa,Female,2,1694.16
U002834,Michael Garcia,South Gary,Female,4,1691.1
U002271,Jodi Cannon,Lake Meganmouth,Female,2,1689.08
U009613,Anna Jensen,Lake Julia,Female,4,1688.46
U000586,Darren Jacobson,Lake Erica,Other,2,1686.64
U000234,Ryan Colon,South Leon,Male,2,1685.52
U001054,Mark Watson,North Mark,Male,6,1685.26
U002465,William Houston,Stanleystad,Female,4,1681.58
U006517,Michele Franklin,Lake Dustinstad,Male,2,1675.0
U000367,Tamara Carter,Port Jennifer,Male,2,1673.52
U006901,Sheena Everett,North Deniseburgh,Other,4,1670.2
U005792,Jonathan Kelly,South Ginastad,Female,2,1667.6
U007551,Sean Henderson,Lake Renee,Other,6,1666.28
U003946,Leslie Henderson,Morrisonland,Other,2,1666.18
U009834,Raymond Marshall,Dawnshire,Other,2,1664.86
U000169,Matthew Thomas,Zacharyville,Female,2,1663.88
U008267,Amanda Brady,Maldonadoberg,Female,6,1663.24
U008800,Henry Hickman,Port Jimmyville,Male,2,1661.46
U003726,Nancy Mccarthy,South Wendyview,Male,2,1659.22
U007532,Robert Ortiz,New Matthew,Female,4,1658.86
U004601,Nicole Kramer,Douglasstad,Male,2,1658.84
U001373,Francisco Roberts,Tuckertown,Male,2,1655.96
U009202,Jennifer Patton,Lake James,Male,2,1654.12
U009059,Alejandra Mitchell,South William,Other,2,1653.68
U008054,Heather Schmidt,Port Jennifer,Other,2,1652.44
U004826,Lucas Kirk,Lake Nicholasborough,Male,2,1650.94
U002192,Rick Wright,East Kaitlynland,Other,2,1648.5
U003625,Benjamin Richardson,New Jill,Other,2,1647.96
U003610,Laura Thompson,East Katelynport,Female,4,1647.36
U001283,Jennifer Johnson,Angelaberg,Male,2,1642.2
U004816,Lisa Williams,North Keithchester,Female,2,1641.78
U005514,Heather Brown,West Katelynborough,Male,2,1640.34
U000272,Laura Allen,New Pamelatown,Male,4,1640.28
U001857,Justin Owens,East Jeremystad,Other,2,1639.52
U005764,Mark Huffman,West Michaelshire,Other,4,1639.12
U002445,Natasha Horton,South Carmen,Female,2,1637.18
U009850,Ryan Watson,Walkerport,Male,2,1636.16
U002588,Thomas Coleman,Caldwellview,Male,2,1634.7
U000163,Teresa Day,Port Kimberly,Other,2,1633.2
U001044,Donna Patel,Sandraview,Female,2,1630.94
U008148,William Cowan,East Adamshire,Female,4,1627.18
U007716,Christine Henry,Jamesberg,Other,2,1627.04
U006498,Jason Smith,Bridgesburgh,Male,2,1621.14
U005347,Amanda Morales,Jasonburgh,Male,2,1620.26
U000083,Aaron Barber,Reedside,Female,2,1619.34
U002012,Jessica Schaefer,Lake Rebeccaside,Other,2,1619.34
U008095,Stephen Gibson,Stacyfurt,Other,2,1617.76
U008748,Jason Stokes,Wadefort,Other,2,1614.46
U002817,Seth Garcia,Port Morganbury,Male,2,1613.44
U003345,Brian Johnson,Frankchester,Male,2,1606.94
U007813,Travis Wade,Port Ronnieville,Male,2,1605.2
U003687,Jessica Edwards,New Robert,Male,2,1599.84
U008930,Sara Richardson,Jacobburgh,Female,2,1597.2
U008173,Katherine Webb,Floydview,Male,2,1595.94
U006742,Jose Jenkins,Fosterfort,Other,2,1595.28
U004098,Susan Crawford,South Cassandra,Male,6,1595.06
U000731,Susan Boyd,North Joshua,Male,2,1592.56
U005819,Michael Brown,West Timothy,Male,4,1590.06
U000877,Michael Mcclain,West Julie,Female,2,1580.96
U004554,Kristen Villarreal,West Donaldshire,Other,2,1580.16
U003999,Maria Dawson,Brianmouth,Other,4,1578.98
U005929,David Abbott,Lake Barbarachester,Male,2,1578.82
U003356,Michael Pearson,East Davidview,Other,2,1577.14
U002441,Christopher Cooley,West Philip,Male,4,1574.2
U003136,Tammy Parker,Montgomeryland,Female,2,1572.8
U005192,Deborah Holloway,Alvaradoview,Other,2,1572.8
U005713,Thomas Dominguez,East Markborough,Male,2,1572.8
U000432,Melanie Watson,Port Sabrina,Male,2,1572.02
U005648,Cynthia Mendoza,New Dustin,Male,2,1571.62
U005948,Jason Powell,Mackenzieview,Male,2,1571.5
U009554,Mark Thomas,Tiffanybury,Female,2,1569.56
U003505,Melody Jacobson,Colemanbury,Other,2,1567.44
U006302,William Smith,Port Natalie,Female,2,1565.22
U004778,Carol Reed,Youngbury,Male,4,1562.78
U002080,Carlos Moore,New Nicolebury,Male,2,1562.26
U006985,Kent Brown,Melissaland,Male,4,1561.4
U007276,Kristy Gallagher,Scottmouth,Male,2,1558.32
U001200,Katie Jordan,Lake Barbara,Female,2,1556.16
U007174,Stephen Chapman,Fletcherfurt,Female,2,1551.04
U002711,Maurice Anderson,Christopherhaven,Male,2,1549.88
U009528,Nicholas Mooney,Ryanchester,Female,4,1546.8
U003086,Linda Arnold,Ashleestad,Male,2,1545.62
U008104,Sandra Calhoun,Thomasfort,Male,2,1542.38
U004846,Sylvia Hubbard,Lake Adam,Other,2,1541.94
U008398,Leslie Wiggins,Spencerborough,Male,2,1541.8
U005552,Courtney Moore,East Dorothy,Female,2,1541.74
U004663,Elizabeth Rojas,Catherinechester,Other,2,1540.48
U009473,Timothy Ortiz,East Adamshire,Male,2,1539.42
U000411,Robert Thomas,Sandrashire,Other,4,1537.68
U002203,Rodney West,East Jamesland,Female,6,1535.9
U000123,Mark Solis,Richardbury,Female,2,1533.04
U002995,Dale Curry,New Daniel,Male,4,1530.54
U006534,Andre Rivera,Port Kimberly,Other,2,1529.38
U000702,Ryan Martin,New Regina,Other,2,1528.48
U008580,Stephanie Martin,Margaretstad,Female,2,1527.3
U004749,Brandy Bradford,Paulview,Female,2,1516.62
U009277,David Zamora,Juarezshire,Other,2,1516.2
U000564,Kathryn Wong,Stevenland,Female,2,1515.7
U005378,Alexis Johnson,Stephanieborough,Other,2,1513.08
U001802,Robert Barrett,New Debbieville,Female,2,1511.04
U003506,Brian Green,Nicolemouth,Female,2,1510.8
U003781,Gabrielle Prince,Jessicaton,Other,4,1510.0
U002379,Karen Maddox,West Amandastad,Male,2,1509.68
U002856,Stephen Wallace,Tylerfurt,Female,4,1508.12
U000372,Kelly Ballard,Meganside,Other,4,1508.08
U006593,Ashley Garcia,Joshuashire,Female,2,1491.06
U003568,Sarah Allen,Leechester,Male,6,1489.9
U004687,Jane Sandoval,Jeremychester,Male,2,1488.54
U000638,Sherri Johnson,South Cassandra,Other,2,1487.12
U008408,Angela Ray,Garyfurt,Male,2,1486.38
U002695,Patricia Turner,West Christopherfurt,Female,2,1485.66
U005535,Michelle Hicks,South Devinland,Male,2,1485.46
U007245,Lisa Jordan,North Suzannechester,Female,2,1484.5
U009543,Nancy Hughes,Fisherport,Other,2,1482.96
U002088,William Hardin,Martinezbury,Female,4,1481.36
U006179,Rachael Wood,North Sarahport,Other,4,1481.34
U000346,David Reyes,Lunahaven,Female,2,1479.48
U000763,Anita Brown,Jaimefort,Female,2,1474.48
U009789,Kathryn Wilkins,Port Haleyton,Female,2,1474.36
U003240,Allison Gibson,South Stephaniebury,Female,2,1473.82
U008498,Andrew Johnson,North Cherylmouth,Other,2,1473.02
U008877,Stephanie Patterson,Lake Richard,Other,4,1471.58
U000139,Brett Castillo,Christopherburgh,Male,4,1470.36
U008022,Greg Cline,North Cathy,Other,2,1465.8
U005896,Elizabeth Wood,East Mary,Other,2,1463.6
U004216,Samuel Acevedo,Ruizside,Male,2,1460.96
U009998,Susan Randolph,New Kristin,Male,2,1459.9
U005900,Crystal Lyons,Lake Michelle,Female,2,1457.58
U007427,Julie Rodriguez,Port Nicholas,Female,2,1454.9
U000178,Jeanne Evans,Lauratown,Male,2,1454.26
U004280,Debra Dunn,New David,Male,2,1452.66
U008092,Michelle Williams,Lake Joshuastad,Female,2,1448.78
U006078,Jeremy Cameron,Darlenefurt,Female,4,1447.06
U001383,Karen Williams,Peterbury,Other,4,1445.0
U009848,Richard Gibson,Angelachester,Other,2,1443.92
U004284,Mary Conrad,Olsenland,Female,4,1442.24
U005715,Peter Copeland,Port Ian,Other,2,1442.12
U002205,Brian Rose,East Johnmouth,Female,2,1439.46
U001305,Mason Johnson,South Norman,Other,2,1439.36
U008176,Theresa Kirk,North Elizabethmouth,Female,2,1438.14
U004287,Lauren Anderson,Sandersview,Female,2,1436.8
U009403,John Kennedy,Jamesfort,Male,2,1435.36
U007962,Michael Shah,Davidville,Male,2,1432.86
U000455,Christopher Smith,Steventon,Female,2,1431.66
U007322,Lisa Barker,Skinnerfort,Male,2,1429.2
U004707,Cory Jefferson,Ortegashire,Male,4,1428.12
U000392,Laura Daniel,North Bobby,Other,2,1427.16
U002864,Tiffany Sweeney,Donnaburgh,Male,4,1426.46
U004689,Marvin Rowland,Wayneberg,Other,2,1424.38
U004349,Kimberly Ayala,South Jacobhaven,Other,2,1421.86
U003948,Mark Johnson,Port Tylerland,Other,2,1420.56
U004368,Robin Cruz,Lake Shannonview,Male,2,1420.02
U001382,Kathleen Woods,Sharonview,Male,2,1416.44
U002553,Laura Logan,Colemanburgh,Other,2,1415.78
U001138,Susan Fisher,Drakestad,Other,2,1413.9
U001733,John Taylor,South Cameronstad,Other,4,1413.52
U006639,Stephanie Alvarez,Colemanland,Other,2,1413.44
U003911,Susan Green,Lopezborough,Other,2,1412.64
U000650,Kevin Brock,Moraleshaven,Male,4,1412.28
U006184,Richard Smith,Wilsonville,Female,2,1411.76
U006582,Joseph Cooper,Ashleyberg,Male,2,1411.76
U004598,Brittany Wong,Vazquezport,Other,4,1409.44
U002878,Eric Lee,Davidside,Other,4,1408.68
U008534,Timothy Kane,Port Keith,Male,2,1408.36
U008454,Samuel Le,West Tonyahaven,Female,2,1408.26
U004837,Jerry Wolfe,New Nicholas,Female,4,1407.3
U001006,Kenneth Ho,East Alishamouth,Male,2,1406.58
U007596,Danielle Poole,Port Derekmouth,Other,4,1402.18
U008677,Glenda Patton,New Stephanie,Other,4,1401.18
U003700,Rebecca Flores,West Anthony,Other,2,1400.08
U001186,Jason Shaw,Saraborough,Female,2,1399.24
U007096,Matthew Ray,Kyleside,Male,2,1398.26
U003993,Heather Ramsey,North Rebecca,Female,4,1398.2
U000111,Jacqueline Farrell,Mariafurt,Female,2,1397.3
U005355,Jeffrey Mccormick,Powellport,Female,2,1396.48
U009951,Shelley Wright,Rollinsstad,Male,2,1395.52
U002492,Debra Brown,Brandonberg,Other,2,1395.18
U004294,Stephanie Duncan,Mcmillanport,Female,2,1394.14
U008302,Brandon Salazar,West Annastad,Male,2,1394.0
U008532,Brian Carroll,East Valerie,Female,2,1393.82
U000846,Sandra Haynes,Port Sarahport,Female,2,1393.6
U008535,Kathleen Oliver,Amandaport,Male,2,1389.86
U004796,Daniel Vargas,Stantonmouth,Other,4,1389.24
U001565,Patricia Gardner,Brandonfurt,Other,6,1385.8
U003227,Melissa Thompson,Williamchester,Female,2,1385.62
U002891,Richard Ellis,Lake Carlosmouth,Other,4,1383.1
U004733,Michele Soto,Gregoryburgh,Other,2,1381.1
U009179,Jeffrey Miller,Thomasstad,Male,2,1378.64
U002587,Cristian Tanner,Simmonsport,Female,2,1378.52
U007899,Emily Carpenter,New Rachel,Female,2,1376.98
U009298,Nathaniel Young,New Michelle,Male,2,1375.86
U005450,Shannon Townsend,East Shawn,Male,2,1375.02
U003295,Megan Williams,North Haileyfort,Other,2,1373.78
U001250,Joseph Wood,West Michelle,Other,2,1371.82
U004222,Courtney Aguilar,South John,Male,2,1370.92
U000772,Kathryn Matthews,Moniquehaven,Female,4,1370.4
U001666,Kimberly Stevens,Milesport,Male,4,1370.02
U003708,Candice Sawyer,West Elizabeth,Other,4,1366.06
U004624,Randy Carpenter,North Amanda,Female,2,1363.04
U000264,Aaron Rubio,Erikview,Other,6,1361.58
U003973,Perry Duffy,Langmouth,Other,4,1359.58
U006214,James Wood,West Tonyberg,Female,2,1358.16
U004668,Jill Morris,Wendyland,Other,4,1357.28
U006072,Sean Murray,Perezmouth,Female,2,1356.72
U000302,Brittany Drake,New Stacy,Female,2,1353.9
U006729,Denise Sanchez,Riosshire,Male,2,1353.9
U002925,Dennis Rogers,Morseside,Female,4,1352.58
U001099,Kaitlyn Payne,Jenniferview,Female,2,1352.38
U002797,Doris Kennedy,East Michaela,Male,2,1351.2
U009780,Jade Reynolds,Lake Christieburgh,Female,2,1351.18
U007538,Wanda Saunders,Michaelmouth,Male,2,1350.84
U002688,Sandra Jones,Stephaniefurt,Other,6,1349.04
U004751,Diane Johnson,West Stephaniefort,Female,2,1348.24
U007456,Joseph Hernandez,Toddview,Female,2,1348.12
U009055,Ralph Lawrence,East Rebekah,Other,4,1347.96
U009587,Mark Jennings,Lake Edwardberg,Other,2,1346.86
U005025,Jason Mcguire,New Roger,Male,2,1346.58
U002393,Donna Shaw,Fischerside,Other,2,1346.5
U005781,Sarah Miller,Port Timothy,Female,2,1344.88
U006238,Dale Porter,North Markchester,Other,4,1344.5
U006486,Amber Lewis,Heatherport,Other,6,1343.76
U003230,Aaron Ford,Port Patrickborough,Male,2,1343.42
U006628,Daniel Jimenez,Darleneton,Male,2,1342.44
U009972,Christopher Hale,North Jason,Female,2,1342.44
U008032,Theresa Valencia,Woodston,Other,4,1342.18
U000409,Dennis Hunt,Greeneshire,Female,2,1342.12
U009813,Nancy Mendez,Smithview,Male,2,1341.26
U004035,Mark King,Chambersstad,Other,2,1339.84
U003827,Kimberly Mejia,Moralesbury,Male,2,1338.72
U009001,Tammy Bell,Fuentesfort,Male,2,1336.56
U002495,John Andrade,Lake Tina,Female,2,1335.18
U004756,Alexander Marshall,Allenhaven,Male,2,1331.7
U005386,Emily Parker,North Kimberly,Other,6,1331.48
U000774,April White,Biancashire,Female,2,1330.28
U009396,Paul Morales,Garrettside,Female,2,1328.66
U008023,Ruben Chang,Fostershire,Female,4,1328.4
U000481,Karen Johnston,East Matthew,Other,2,1324.44
U001950,David Johnston,Port Ashley,Female,2,1321.44
U005712,Sarah Lin,Armstrongberg,Male,2,1321.44
U008954,Peter Herrera,North James,Other,2,1321.44
U007490,Jose Ramirez,West Robert,Male,2,1318.44
U000305,Samantha Schroeder,West Kevinberg,Male,2,1316.48
U009868,Kylie Cole,Simonmouth,Male,2,1316.2
U000811,Adam Kane,East Christopher,Other,2,1314.68
U004144,Jose Dean,Brownmouth,Male,2,1314.18
U004896,Jim Cook,Collinsshire,Male,2,1310.44
U007467,Thomas Sheppard,Cohenburgh,Female,2,1310.38
U001976,Cory James,Bensonburgh,Male,2,1309.52
U007884,Kayla Williams,New Ricky,Female,2,1308.2
U001303,Patricia Butler,Tinatown,Male,2,1306.88
U008799,Alicia Jordan,East Kelly,Male,2,1303.4
U009435,Tara Porter,Michellestad,Other,2,1302.62
U004888,Brittany Roman,North Robert,Other,2,1301.54
U009735,Megan Becker,East Lindsaychester,Female,2,1298.38
U006497,Jennifer Schneider,Nelsonfurt,Other,2,1295.08
U007237,Mary Abbott,East Jordanton,Male,2,1295.02
U008055,Kimberly Green,Lake Candice,Male,2,1292.12
U006119,Kelly Smith,South Fred,Male,2,1290.56
U000429,Raymond Goodman,Jefferyshire,Male,2,1289.52
U001927,Jessica Williamson,Donaldmouth,Other,2,1287.2
U003094,Alexa Nelson,Webbton,Other,2,1286.28
U008044,Lauren Allen,Leemouth,Other,2,1286.28
U008136,Daniel Bryant,Lake Juan,Male,2,1277.32
U003170,Ashley Stewart,South Conniestad,Male,2,1277.02
U007361,Daryl Romero,Davidland,Female,2,1276.6
U001879,Michael Hernandez,East Lisaberg,Female,2,1276.1
U003710,Matthew Jones,Alyssatown,Other,2,1275.04
U009635,Jamie Ho,Sandershaven,Other,2,1274.54
U000826,Scott Durham,South Davidland,Other,2,1273.7
U001381,Timothy Lewis,East Elizabethhaven,Other,4,1271.22
U003704,Tammy Johnson,Parsonsmouth,Male,2,1267.6
U003397,Jessica Herrera,Lake Tyroneton,Male,2,1266.16
U001785,Alexis Brown,Stevenston,Male,2,1265.86
U008728,Amy Green,Alishaborough,Female,2,1263.68
U006859,Robert Ruiz,South Heidiside,Female,2,1262.72
U009995,Michael Taylor,East Nicholas,Male,2,1262.72
U007062,Daniel Rodriguez,Stephensfort,Other,2,1261.04
U005381,Debra Carter,New Renee,Other,2,1256.26
U009562,Jared Choi,New Brianborough,Other,4,1256.12
U003884,Steven Durham,South Taramouth,Male,2,1256.1
U008894,Michelle Hayes,Lopezburgh,Male,2,1255.98
U003548,Christina Shaffer,South Claudia,Female,2,1254.9
U000695,Andrew Foster,Meltonfort,Male,4,1254.22
U006651,Michael Alexander,South Scottmouth,Female,2,1252.9
U000220,Cole Hernandez,Lauraland,Male,2,1247.44
U009542,Lisa Wiggins,New Robin,Other,2,1246.6
U002880,Lawrence Lambert,West Brooke,Other,4,1244.72
U005520,Gilbert Coleman,New Laura,Male,2,1243.64
U003284,Javier Palmer,New David,Other,4,1242.62
U001206,James Wise,East Katherineville,Female,2,1242.24
U001394,Thomas Hughes,Port Chadville,Male,2,1241.64
U006584,Mallory Baldwin,Jamesville,Other,2,1239.44
U000196,Katherine Pham,New Seanstad,Male,2,1236.94
U004660,Kimberly Pineda,Wendyland,Other,4,1236.9
U004925,Katie Rollins,East Douglaston,Male,4,1236.86
U000514,Nicholas Jones,Taylorview,Male,4,1236.84
U006099,Barry Russell,Robertview,Male,2,1233.96
U006105,Gerald Butler,North Sandrastad,Female,2,1233.0
U008665,Brenda Herrera,South Jamesville,Male,2,1228.68
U003991,Cory Oliver,West Jason,Other,4,1227.8
U002934,Samantha Jones,Johnsonchester,Female,2,1226.78
U004164,Jessica Smith,Port Brianchester,Female,2,1225.18
U003947,William Jackson,Brianville,Other,2,1224.46
U004532,Jeanne Harris,Cruzburgh,Other,2,1224.46
U007455,Jeanne Perez,Larryfurt,Male,2,1223.28
U005735,Willie Bell,North Erikaland,Female,4,1223.1
U008998,Tyler Morrow,Lake Toddmouth,Other,2,1223.1
U005484,Anne Harris,New Abigail,Other,2,1222.74
U009143,Jonathan Benjamin,South Ericview,Female,4,1222.3
U008849,Ashley Lucas,New Jesse,Male,2,1219.56
U001309,Jennifer Doyle,Welchmouth,Male,4,1218.46
U000929,Lindsey Pena,Sethberg,Female,2,1217.64
U008601,Jennifer Cherry,Danielview,Female,4,1216.58
U002938,Melanie Grant,Butlermouth,Female,2,1215.1
U005353,Joshua Mccormick,Osborneport,Female,2,1213.4
U004555,Christina Shields,Bakerborough,Other,2,1213.02
U003617,Kyle Miller,Hickston,Female,2,1211.66
U003881,Robert Newton,Nicolemouth,Other,2,1211.08
U003633,Jaime Martinez,Port Lauraburgh,Other,4,1210.58
U001123,Michael Cox,Port Brendaberg,Female,2,1209.24
U009526,Joseph Jenkins,Karlfurt,Female,4,1207.62
U006819,Kimberly Taylor,North Meganchester,Female,2,1206.98
U001277,Katie Anderson,Jonesside,Other,2,1206.12
U006813,Christopher Bradley,South Kimberlyport,Male,2,1205.12
U001988,Benjamin Rodriguez,East Lindaside,Female,2,1203.18
U002258,Cindy Wheeler,South Jenny,Other,2,1203.18
U003632,Victoria Harrison,Roseshire,Male,2,1200.68
U003961,Seth Andrews,Port Patricia,Other,2,1200.28
U009322,Rebecca Fritz,Ingramberg,Other,4,1199.12
U007508,Michelle Lyons,North Theodore,Other,2,1197.92
U002002,Katherine Mccarty,Lindatown,Male,2,1197.8
U002310,Benjamin Esparza,North Nathan,Female,2,1196.84
U005733,Jacqueline Meyer,Thompsonview,Male,2,1195.76
U005361,Danielle Morris,Cliffordland,Female,2,1195.6
U004581,Donna Martinez,North Coleport,Male,6,1195.14
U006211,John Webster,Piercebury,Male,2,1190.72
U003885,Daniel Jones,Virginiaport,Male,2,1189.14
U008365,Kimberly Robinson,Pettyfort,Male,4,1187.8
U004224,Emily Baldwin,North Danielport,Female,2,1183.1
U003940,Sara Fields,Robertview,Female,2,1182.98
U000631,Emily Rodriguez,South Daniel,Male,2,1182.38
U006370,David Long,Peterhaven,Other,2,1181.84
U008182,Eric Benjamin,Stephaniemouth,Female,2,1181.24
U002004,Pamela Nelson,North Brianberg,Other,2,1180.24
U002885,Richard Escobar,Lake Jennifer,Other,4,1178.0
U006480,Carmen Munoz,Alexandrachester,Male,2,1175.34
U007755,Brenda Knight,South Emily,Female,4,1173.44
U001746,Sara Bush,Christopherfurt,Female,2,1172.34
U004298,Julie Anderson,Gibsonburgh,Male,4,1170.66
U007978,Crystal Henry,Christopherchester,Male,2,1170.0
U007216,Timothy Chase,New Taylor,Male,2,1164.2
U003877,Christopher Cole,New Elizabethshire,Other,2,1163.06
U001718,Jenna Padilla,Craigshire,Female,2,1160.96
U004878,Heather Brown,Millerport,Male,2,1160.36
U009459,Amber Blackwell,New Theresaborough,Male,2,1157.52
U000204,Jessica Rodriguez,North Craig,Male,4,1157.48
U007997,Adrian Schneider,North Heidiberg,Female,2,1155.7
U009529,Chris Kirby,Chapmanview,Male,2,1153.94
U003718,Patricia Morgan,Patrickshire,Other,2,1150.48
U002716,David Barron,Annchester,Male,2,1145.24
U003361,Ashley Moore,Ashleyview,Male,4,1143.92
U009399,Mark Moore,New Selenabury,Female,2,1143.8
U009827,Kathryn Rodriguez,West Jenniferbury,Other,2,1143.0
U005420,Martin Walker,East Amanda,Female,2,1141.14
U001111,Kelli Reed,Brookstown,Other,4,1140.8
U007051,Daniel Baker,Michaelview,Female,2,1139.44
U006049,Rachel Fox,Lindaburgh,Other,2,1139.3
U005105,Victor Villanueva,Thomastown,Female,2,1136.88
U006506,Samantha Fernandez,Hortonland,Male,2,1134.1
U004367,Ann Woodard,East Oliviafort,Male,2,1133.8
U009063,Carlos Miller,Lake Julie,Female,2,1133.74
U007436,Michelle Thompson,Port Kristinaview,Male,4,1132.2
U007059,Angela Wang,Dianafurt,Male,2,1130.56
U002123,Zachary Cook,West Theresastad,Male,2,1129.76
U008381,Patricia Fry,Grahamview,Female,2,1126.54
U006122,Alicia Singh,Port Caitlyn,Female,2,1126.28
U004907,Jill Rogers,Lake Jessica,Other,2,1125.52
U006364,Stephanie Schmitt,North Scottland,Female,2,1125.28
U005526,Jeffery Johnson,West Elizabethport,Male,4,1124.64
U004844,Melissa Hanna,East Derek,Female,2,1123.16
U000545,Amy Bates,Maryberg,Other,4,1122.94
U002918,Stephen George,Blackland,Female,2,1121.88
U008276,Taylor Alvarado,Judithberg,Other,4,1118.42
U008150,Elizabeth Kim,West Mark,Female,2,1118.4
U005131,Carla Baldwin,West Melissaside,Male,4,1115.0
U006524,Charles Harmon,Grahamfort,Female,2,1113.6
U003362,Lauren Munoz,East Shaneborough,Male,2,1113.48
U002223,David Crawford,Williamchester,Female,2,1112.76
U008206,Douglas Rogers,Chloechester,Male,2,1109.62
U001810,Samantha Hines,North James,Male,2,1105.18
U004928,Shane Davis,Port Heather,Other,2,1102.52
U008268,Sydney Burton,Friedmanmouth,Male,2,1100.84
U007362,Diana Bennett,Randallfort,Other,2,1098.9
U004370,Richard Clayton,East Heatherbury,Female,2,1098.64
U005375,Sharon Mclaughlin,South Madison,Female,2,1098.64
U001827,Emily Rivera,Vargasborough,Male,4,1095.1
U007568,Crystal Atkins,Amberport,Female,2,1093.46
U001801,Laura Moore,Jasonton,Male,2,1092.76
U001628,Emily Wilson,North Christinaton,Other,4,1092.74
U002466,Howard Perez,South Garyton,Other,2,1091.54
U004194,Amanda Paul,North Jonathan,Male,2,1091.02
U000322,Angela Arnold,Rodriguezberg,Female,6,1090.64
U003570,Nathaniel Lawson,Bergermouth,Male,2,1089.9
U000645,Deborah Watkins,New Markmouth,Other,2,1089.2
U008450,Thomas Stewart,Williamside,Male,2,1087.4
U002139,Wayne Pennington,Lake Daniel,Other,2,1087.06
U006440,Patrick Reynolds,New Bethshire,Female,2,1086.62
U007163,Aaron Thompson,Fordton,Male,2,1083.68
U008553,Brian Davis,Teresaberg,Male,2,1083.66
U003294,Amber Walter,South Debraburgh,Other,2,1083.46
U002426,Kevin Rodriguez,New Sabrinafort,Female,2,1082.9
U003414,Michelle Scott,East Lori,Other,2,1082.72
U009261,Amber Erickson,North Lisahaven,Other,2,1081.68
U008059,Sara Morgan,North Rebecca,Female,6,1080.76
U005482,Anne Miller,North Brandon,Male,2,1080.66
U006500,Phillip Thompson,Cantuborough,Female,2,1080.48
U000391,Amanda Taylor,West Erica,Other,2,1079.38
U006648,Yolanda Eaton,South Hannahton,Female,2,1078.34
U009315,Cynthia Davis,Lake Jefferymouth,Male,2,1077.26
U008265,Jason Daniels,Port Heatherton,Male,2,1076.84
U005666,Philip Hernandez,Sherrifort,Other,2,1076.76
U007305,Brooke Wheeler,North Monica,Female,6,1075.42
U007827,Kari Novak,Leefurt,Male,4,1074.0
U004994,Frank Hunter,South George,Female,4,1073.4
U002649,Joshua Weaver,Nelsonmouth,Female,2,1072.56
U000676,Angela Williams,North Jonfurt,Female,2,1071.9
U005007,Christian Melton,South Mariaport,Male,2,1070.64
U008467,Tina Moreno,Laurenbury,Male,4,1070.62
U003893,Kelly Foster,East Jeremy,Female,2,1070.02
U005358,Elizabeth Brown,West Richard,Other,2,1070.02
U006425,Karen Holder,Grayport,Other,2,1069.74
U003575,Christopher Petersen,Port Alexandriastad,Female,2,1069.2
U008441,Rebecca Padilla,Sheltonstad,Male,2,1068.96
U000307,Nicholas Gross,East Carriebury,Other,2,1068.18
U000594,Kenneth Holland,Hodgeshire,Female,2,1067.26
U001759,Amy Love,South Vincent,Male,6,1067.2
U007300,Katie Ruiz,Masonfurt,Female,2,1063.36
U007502,Walter Page,South Nicole,Other,2,1063.06
U007674,Shelby Torres,West Andremouth,Female,2,1062.92
U005784,Michele Rodriguez,Benjaminchester,Female,2,1062.84
U007480,Edwin Warner,Brandymouth,Other,2,1059.62
U006385,Jessica Thomas,Hartburgh,Male,2,1059.1
U003433,Michael Scott,Thomasbury,Female,2,1056.2
U002477,James Jackson,Lake Tracy,Male,2,1054.3
U008714,Katrina Moore,Richardchester,Other,2,1053.68
U009900,Steven Moody,Smithbury,Other,4,1051.82
U007526,Christina Alvarez,North Brianna,Female,2,1051.54
U001360,Tonya Thomas,Port Heather,Female,2,1050.44
U009913,Jeffrey Austin,Lake Daniel,Male,2,1049.5
U009422,Timothy Gordon,East Brian,Female,2,1047.0
U009583,Stephen Sanders,South Lesliebury,Male,2,1046.96
U002470,Michael Torres,Riosside,Male,2,1044.36
U008966,Christina Simmons,Lake Charlesland,Female,2,1042.0
U004636,Deborah Huerta,South Steven,Male,4,1039.88
U007414,Amanda Baker,Lake Tara,Male,2,1038.98
U008038,Tracey Miles,East Kathleenhaven,Male,2,1038.84
U004066,Carol Wolfe,Elizabethport,Other,2,1038.42
U007475,Aaron Wilson,Kevinside,Male,2,1038.42
U005033,Michelle Snyder,Lake Michaelville,Female,2,1035.64
U006186,Sarah Perez,Christopherchester,Other,2,1034.72
U001225,Teresa White,Lake Julie,Other,4,1032.52
U006035,Keith Kelly,Andrewville,Other,2,1031.96
U001755,Kendra Smith,South Brandon,Male,2,1030.84
U007489,William Hampton,Russoland,Male,2,1028.56
U007941,Maria Thomas,Lauraborough,Male,2,1028.52
U009983,Heather Haynes,Port Kimberly,Male,2,1028.34
U006407,Adam Perry,Annatown,Female,2,1027.82
U004483,Evelyn Hendricks,Port Tamaraside,Other,2,1027.2
U000918,Michael Miller,Port Ian,Female,2,1026.94
U009350,Erin Newman,Lake Susantown,Other,2,1026.72
U003498,Kevin Wagner,Lake Eduardo,Male,4,1024.32
U001531,John Bennett,Mackenzieville,Male,2,1023.76
U008356,Beth Clark,Escobarhaven,Male,2,1022.68
U008581,David Lam,North Johnside,Male,2,1021.96
U002011,David Allen,East Tonya,Female,2,1021.26
U001090,James Obrien,West Joshuaborough,Female,2,1020.02
U007739,John Perez,Bryanland,Other,2,1018.96
U001304,Rebecca Williams,Billymouth,Male,2,1018.82
U001453,Rachel Case,Kaylaton,Other,2,1017.48
U004537,Penny Scott,North Michaelside,Other,2,1017.4
U000412,Nicholas Anderson,Serranoville,Other,2,1016.8
U002454,Michael Johnson,New Tylerfurt,Male,2,1016.72
U001337,Sara Taylor,Port Michaelstad,Other,2,1016.32
U002315,Brandy Kelly,Weberbury,Female,6,1016.0
U003476,Trevor Graham,Smithfort,Female,2,1015.76
U002799,Lisa Sullivan,South Katherine,Other,2,1014.72
U005155,Courtney Hill,Everettborough,Female,2,1014.4
U002157,Susan Elliott,Fryshire,Male,4,1011.6
U000795,Miguel Campos,Jamesfurt,Male,4,1009.08
U000312,Charles Jackson,West Brookefort,Female,2,1008.36
U009306,Gregory Johnson,Josephshire,Male,4,1007.88
U006562,Andrew Lewis,Lake Heather,Male,2,1007.36
U005248,Maria Bennett,Damonberg,Male,2,1006.96
U001719,Christine Williams,Barnesborough,Other,4,1004.76
U007833,Nancy Kerr,Dorseyborough,Male,4,1003.4
U004779,Sandy Hawkins,Eriktown,Female,2,1002.82
U006589,Scott Phillips,West Timothy,Other,2,999.82
U001796,Michael Allen,Riversland,Other,2,998.06
U008751,Joanna Davis,Watsonside,Other,2,997.06
U002683,Megan Foster,North Jeremy,Female,2,996.56
U009596,Douglas Woods,East Nicole,Male,2,996.28
U005372,James Daniel,South Thomasmouth,Other,2,994.32
U006077,Steven Wright,Clarkside,Female,2,992.4
U003527,Carolyn Nichols,Jenniferville,Other,2,991.26
U001553,Gina Thomas,West Meganview,Female,2,991.06
U005553,Tammy Cooke,New Kevin,Male,2,990.76
U000865,George Potts,Woodsberg,Female,2,989.72
U006346,Jamie Brown,North Williammouth,Male,2,989.68
U003784,Sean Shepherd,Paulmouth,Female,2,989.64
U008824,Anthony Johnson,Salasstad,Female,2,989.32
U009006,Nicole Brown,East Kyleport,Male,2,988.68
U002184,Brian Lee,Port Kaylachester,Male,2,988.58
U002830,Lawrence Meadows,Kathleenbury,Male,2,985.28
U001316,Lisa Miller,New Josemouth,Other,2,984.96
U001357,Donna Watson,New Richard,Male,2,984.58
U008712,Brad Austin,Jenniferton,Other,4,983.56
U001230,Ethan Stanton,Vargasbury,Female,2,981.64
U001182,Scott Day,Travisburgh,Female,2,980.96
U002278,Sharon Austin,Port David,Other,2,980.62
U000968,Nathaniel Chen,Brendaport,Female,2,980.58
U000549,Joseph House,Danielfort,Other,2,980.36
U007470,Angela Marks,Leahland,Female,2,979.24
U009375,Kathryn Coleman,Mullinsport,Female,2,978.62
U005704,Stephanie Brown,Ambertown,Other,2,977.44
U004564,Holly Anderson,Port Raymond,Male,2,977.18
U006178,Monica Gordon,Goodfurt,Male,2,977.18
U007672,Jim Burns,North Cody,Female,2,977.18
U009519,Zoe French,East Ryanhaven,Other,2,977.18
U009570,Jack Moreno,Hardymouth,Female,2,976.44
U001393,Shawn Ewing,South Courtneyfort,Other,2,973.72
U007391,Linda Gonzalez,West Aliciaton,Male,2,969.44
U007876,Gary Harrell,North Williamville,Male,2,968.66
U004603,Stephanie Reynolds,Parkerport,Female,2,968.58
U008324,Jason Cordova,Armstrongton,Female,2,968.26
U001256,Leonard Smith,New Brycechester,Other,4,967.78
U001078,Cheryl Mckinney,Lake Michael,Female,2,966.92
U007958,Lindsey Johnson,Robertburgh,Female,2,962.26
U003207,John Patrick,East Christina,Male,2,959.6
U006182,Tiffany Vaughn,West Karen,Male,2,958.76
U001747,Anne Daniel,Danielfort,Other,2,958.28
U002200,Christopher Grant,Alyssaport,Male,2,957.64
U000779,Charles Johnson,Julieview,Female,2,955.74
U005441,Desiree Hicks,Stephaniemouth,Other,4,954.2
U009420,Calvin White,Andersonhaven,Female,2,953.96
U001714,John Harding,East Leslie,Female,2,953.78
U001884,Jeffrey Foley,Port Geraldland,Other,2,952.02
U000159,Shannon Roach,Elizabethland,Male,2,952.0
U005983,David Young,Michaelborough,Female,2,951.6
U006951,Matthew Bond,Jeffberg,Male,4,951.54
U005096,Alexis Mccullough,South Robert,Other,2,948.44
U009504,Michael Wyatt,South Seanstad,Other,2,948.36
U006686,Stephanie Martin,Charlesshire,Other,2,946.06
U001122,Annette Gutierrez,Heidiview,Female,2,942.54
U006093,Tricia Rivas,Lake Stephanie,Female,2,942.16
U004397,Jenny Simmons,Lake Richard,Male,2,941.22
U003453,Mary Gonzalez,Chadberg,Male,2,940.36
U002747,Mary Collins,Louiston,Male,2,939.96
U009236,Joseph Gentry,Brianshire,Other,2,939.52
U003080,David Reynolds,Port Elizabeth,Other,2,939.34
U000888,Felicia Townsend,Johnview,Other,4,938.64
U009216,Kayla Martin,North Melissa,Other,2,937.88
U009744,Janice Duke,New Leon,Female,2,937.26
U007099,Donna Shannon,Johnsonmouth,Male,2,937.14
U001915,Sara West,Lake Michaelfurt,Female,2,936.42
U004471,Adam Thomas,West Sara,Male,4,936.4
U003018,Jonathan Reyes,North Katherine,Female,2,935.24
U000571,Wendy Holland,Deborahburgh,Other,2,933.8
U002028,Craig Blair,North Yvonne,Other,2,932.5
U008342,Carrie Figueroa,Scottmouth,Male,2,931.2
U003529,Nancy Schmidt,Port Christinaborough,Other,2,930.6
U000253,Gary Ellis,West Kimberlystad,Female,2,929.7
U007382,Manuel Bailey,Port Tyler,Female,2,927.62
U001736,Ashley Gonzalez,Erintown,Other,2,926.1
U004856,Nichole Alvarez,Griffithport,Other,2,925.66
U008517,Amanda Duncan,Lake Melissa,Other,2,922.16
U001468,Lucas Martinez,Larryside,Other,2,921.32
U003691,Brian Haynes,Deborahshire,Female,2,921.32
U008124,Randy Lewis,Jonesmouth,Male,2,921.32
U008791,Melinda Burnett,Stephanieville,Male,2,920.16
U009885,Melissa Gonzales,New Paulshire,Other,2,918.2
U005627,Russell Guzman,Cherylshire,Other,4,917.98
U009415,Kimberly Ward,East Michael,Male,2,917.52
U000219,Andrea Smith,Drakeburgh,Female,2,916.5
U008403,Melissa Rush,West Rachelfort,Male,2,916.48
U002523,Patrick George,New Clinton,Female,2,914.58
U005362,Dean Costa,Donovanfurt,Female,2,914.54
U000614,Robert Ramos,Taylorshire,Other,2,911.98
U000006,Michael Santiago,East Steven,Male,2,911.84
U001816,David Wagner,North Travisberg,Male,2,911.74
U005586,Crystal Sullivan,Angelachester,Female,2,911.04
U005028,Ryan Patel,Thomasmouth,Female,2,910.58
U002937,Fernando Evans,East Amytown,Female,2,908.7
U005191,Amy Burns,Ashleyfort,Other,2,907.48
U004676,Karen Mcguire,Timothychester,Female,2,907.4
U001722,Nathan Garza,Mosleytown,Other,4,906.26
U003002,Gloria Vaughn,Yatesbury,Male,2,906.14
U006000,Jesse Nguyen,New Lauren,Other,2,906.02
U008082,Earl Strong,Lake Elizabethton,Other,6,905.44
U005342,David Carter,South Victoriaport,Male,4,902.14
U007079,Angelica Waller,South Juliehaven,Other,2,901.38
U003558,Kelly Evans,North Jonathanstad,Male,4,901.14
U007302,Scott Moore,Lake Michaelland,Other,2,901.06
U008257,Shawn Miller,North Philip,Female,4,900.22
U000347,Pamela Cowan,Port Richard,Other,2,899.22
U002932,Shawn Alvarado,Huanghaven,Other,4,898.34
U006689,Angela Harmon,Lake Benjaminstad,Male,2,898.14
U008207,Brian Gallegos,Lake Christopherberg,Male,2,897.72
U004880,Kathryn Rasmussen,Rachelstad,Other,4,897.68
U004328,Benjamin Stevens,Lake Danielville,Other,2,897.08
U007834,John Brooks,Williamsburgh,Female,2,895.68
U008066,Teresa Patton,East Janiceberg,Female,2,895.68
U001397,Tammy Reyes,Lisaville,Female,2,895.2
U002722,Joshua Jimenez,Richardberg,Other,2,893.38
U001521,Michelle Williams,Matthewburgh,Male,2,891.32
U003142,David Maldonado,Harrisburgh,Female,2,890.54
U006718,Wendy Ruiz,Carrolltown,Male,2,890.2
U007964,Susan Harrison,Simmonsburgh,Male,4,889.66
U003171,Megan Summers,Lake Michaelborough,Male,2,887.46
U007820,Caitlin Wagner,Lake Alyssa,Other,2,887.42
U002102,Robert Smith,Leeland,Female,4,886.82
U000081,Kelly Thornton,Arnoldfurt,Male,2,886.36
U006511,Noah Davis,Beverlyton,Male,2,884.46
U000713,Alejandro Drake,Brownton,Female,4,884.22
U000026,Leon Baker,North Stephenshire,Male,2,882.4
U004275,Elizabeth Livingston,South Mary,Male,2,882.34
U006309,William Dixon,Lake Isabelville,Female,2,882.16
U000878,Nicole Fletcher,Mannington,Male,2,882.12
U001885,Kenneth Bates,Nicholsfurt,Other,2,881.76
U005670,Kelly Bush,New Amandaburgh,Other,2,879.76
U000475,Zachary Holder,Port Lynnview,Male,2,879.28
U003795,Mike Orr,Riverafort,Female,2,879.02
U003661,Danielle Nicholson,New Luistown,Female,2,877.86
U007544,Angel White,North Jared,Other,2,873.48
U004885,Joseph Rodriguez,Jameschester,Male,2,872.36
U006827,Peter Matthews,South Karen,Male,2,871.74
U005610,Danielle Stevenson,West Rachel,Female,6,870.98
U003392,Kimberly Choi,Wilsonstad,Female,2,870.76
U006137,Steven Boyd,Joseport,Other,2,866.5
U002394,Dakota Hopkins,West Paulahaven,Female,2,865.84
U009393,Matthew Garrett,Lake Joseph,Female,2,865.34
U004273,Catherine Ballard,Monicafurt,Other,4,863.6
U000127,Valerie Morris,Laurashire,Male,2,862.76
U001961,Derek Baird,Taylorhaven,Female,2,862.24
U006501,Michael Christian,West Keith,Other,2,862.24
U008691,Stacy Skinner,Lake Ashleyview,Female,2,860.78
U006368,Jesse Nelson,Tracyhaven,Male,2,855.84
U002980,Trevor Scott,Chavezberg,Male,2,855.48
U003383,Phillip Griffin,West Katieberg,Male,2,855.42
U005036,Matthew Miller,West Kellymouth,Male,2,855.26
U008755,Paula Barker,Josephborough,Male,2,853.76
U006002,Daniel Taylor,Kristystad,Male,4,850.58
U003735,Shawn Waters,Heatherland,Other,2,849.98
U006606,April Martin,Brittanybury,Other,2,849.26
U009721,Kaitlyn Perez,Griffithshire,Male,2,846.36
U004432,Sarah Evans,Johnberg,Male,2,846.04
U009589,Mary Rios,East Kelly,Female,4,845.36
U000797,Diane Reeves,Port Andrew,Male,2,845.2
U006728,James Mathis,South Nicoleberg,Male,2,844.3
U002473,Zachary Allen,Alicetown,Female,4,843.58
U001611,Melissa Harmon,South Brianburgh,Other,2,841.86
U007940,Eric Brown,Danielleside,Other,2,841.26
U004771,Jonathan Smith,Jonathanchester,Male,2,840.7
U003242,Nicholas Hammond,South Karl,Female,4,840.68
U000121,Gregory James,South Michelleton,Female,2,840.5
U005326,Samantha Reed,Port Thomasside,Female,4,839.48
U000916,Douglas Castaneda,North Suzanne,Other,2,837.56
U006478,Theresa Davila,West Mary,Male,2,837.18
U007945,Luis Knight,Austinfort,Female,4,836.82
U006895,Melinda Murillo,East Tamaratown,Male,2,836.74
U002919,Brianna Johnson,Seanview,Female,4,835.0
U003965,Pedro Soto,Michaelmouth,Male,2,834.76
U009772,Raymond Harmon,Amandafurt,Male,2,833.52
U003287,Hannah Thomas,Bryantmouth,Female,2,831.9
U004255,Evan Carter,West Jasonview,Female,2,831.7
U001141,Kimberly Joseph,Bergland,Other,2,830.68
U000424,Richard Gonzalez,Jessicaside,Other,2,830.3
U005567,Dawn Walker,New Brandon,Male,2,829.92
U008364,Carl Finley,Lopezberg,Other,2,829.54
U001500,Brooke Guerrero,Ramirezview,Other,2,828.1
U005523,Carlos Henry,Robertamouth,Other,2,827.56
U004354,Richard Porter,Lake Kevin,Female,2,826.84
U006646,Levi Ferguson,Wendyview,Male,2,825.62
U004184,Anthony Foster,West Theresa,Male,2,825.32
U006401,Dylan Howell,South Brenda,Male,2,824.94
U004285,Timothy Olson,Navarrohaven,Male,2,824.14
U002910,Deborah Carter,North Sarashire,Female,2,823.06
U005915,Amber Jones,Cruzhaven,Female,2,822.96
U009699,Clifford Rivera,Lewisfort,Other,2,822.92
U001311,Ryan Jennings,South Lisa,Male,2,821.26
U000208,Shelly Powers,Whiteside,Male,2,820.12
U008829,Barbara Wong,South Rileyville,Female,2,819.22
U006898,Shawn Poole,Lake Donnaville,Female,2,818.0
U001925,Jacqueline Atkins,North Sarah,Female,2,816.34
U008628,Ronald Payne,Leslieland,Female,2,816.12
U008671,Beth Wheeler,Garrettside,Female,2,814.88
U003410,Lance Gilmore,Morenoshire,Female,2,812.92
U000037,Anthony Wiley,Reedmouth,Male,2,811.74
U001423,Yolanda Hernandez,Douglasborough,Other,2,810.82
U004773,Amanda Robles,North John,Male,2,810.82
U008494,David Bryant,Ayalaton,Female,2,809.84
U002986,Bethany Delacruz,East Ian,Other,2,807.74
U008781,Eric Brown,Amandaview,Other,2,807.22
U005875,Leslie Garcia,Kingfort,Female,2,806.36
U000363,Andrea Gray,Millerfort,Other,2,806.16
U008702,Brad Brown,North Erin,Other,2,806.16
U001398,Megan Walker,Danielbury,Other,2,805.44
U008062,Joel Frey,Lake Kimberlymouth,Female,2,805.44
U005886,Kenneth Duncan,Paulfurt,Male,2,804.86
U009941,Sean Gonzalez,Mitchellfort,Female,4,804.76
U004069,Sarah Hawkins,Taylorstad,Female,2,804.74
U002578,William Winters,Christinaport,Other,2,804.62
U009658,Leslie Hernandez,South Miguelport,Other,2,804.52
U009557,James Acosta,Ashleytown,Other,2,803.76
U000610,Rachel Taylor,Howardmouth,Male,4,803.16
U003474,Danielle Walton,Port Katherine,Female,2,802.6
U008351,David Jarvis,Lake Jenniferview,Other,2,802.58
U004505,Melanie Caldwell,New Tanyaton,Male,2,802.46
U003211,Todd Grant,Vasquezport,Female,2,799.72
U007992,Adam Ray,Raymondstad,Other,2,798.6
U001215,Steven Perry,West Thomasview,Other,2,798.12
U001224,Maria Martinez,Tranland,Male,4,797.92
U007474,Dominique Mclaughlin,Tashaville,Male,2,797.86
U007957,Brittney Silva,Smithfort,Female,2,797.68
U006805,Rita Rodriguez,Emilyshire,Other,2,797.64
U008952,Richard Johnson,Kingmouth,Female,2,796.8
U009192,Tammy Crane,Christopherborough,Male,2,796.48
U003811,Christine Watson,Port Jameston,Female,4,794.92
U004518,Leah Parker,Lake Jenniferton,Male,2,794.0
U007684,Dawn Edwards,Matthewfurt,Male,2,793.96
U002437,Jacqueline Williams,North Williamberg,Female,2,792.2
U000530,Michael Flores,East Charles,Male,2,790.94
U004180,Barry Marshall,Michaelshire,Other,2,789.9
U001137,Kevin Davis,Larryfort,Female,2,789.82
U005843,Theresa Wilson,Rebeccaborough,Female,2,787.92
U001972,Nathan Norman,Coreyberg,Other,2,787.06
U002370,Eugene Salazar,Heathburgh,Female,2,784.5
U008802,Christopher Hudson,Annettechester,Other,2,783.34
U007377,Audrey Ramos,Jacobville,Other,2,780.36
U002486,Jacob Bruce,Paulberg,Other,2,780.2
U002753,Jon Schultz,East Michael,Other,2,778.9
U001435,Laura Terry,East Kellystad,Other,4,777.42
U007804,Derek Miller,Marieview,Male,2,776.92
U008413,Ian Williams,Emilyberg,Other,2,776.0
U000735,Mark Johnson,Orozcoview,Female,2,775.72
U008518,Craig Kim,Matthewsside,Female,2,772.58
U000456,Megan Lynn,Whiteview,Other,2,771.96
U003905,Michael Dorsey,South Raymond,Other,2,771.56
U005405,Tracy Jacobs,New Kaylaberg,Other,2,771.18
U007735,Christopher Edwards,Port Dakotabury,Female,2,770.5
U007178,Eric Foster,New Stephen,Male,2,769.86
U004714,Dillon Jacobson,North Patrickfort,Other,4,769.66
U007383,Daniel Spencer,Johnsonbury,Male,2,768.88
U003266,Heather Jones,Mooreview,Male,2,766.12
U008550,Kristin Wells,West Randallport,Other,2,765.32
U009343,Keith Johnson,Lake Vanessa,Male,2,764.46
U000431,Mary Huff,Austinside,Female,2,763.14
U008317,Robert Nelson,South Eileenton,Female,2,761.56
U002941,Leslie Farley,New Walter,Other,2,761.3
U004592,Dawn Stevens,Lake Jose,Female,2,760.88
U009410,Michael Morgan,Andersonfurt,Other,2,760.7
U004083,Jacob Green,Port Jeremy,Other,2,760.6
U005557,Evan Price,New Deborahhaven,Male,2,760.0
U003003,Dominique Baxter,West Anthony,Other,2,759.96
U003760,Gina White,South Meganfurt,Male,2,759.92
U006117,Tammy Hernandez,South Jacquelinehaven,Other,4,758.9
U008816,Timothy Green,East Jennifer,Female,4,758.9
U001613,Diana Levy,Lake Robert,Other,2,757.84
U001973,Joshua Crane,Lake Peter,Female,4,756.54
U004304,Andrew Burton,Kelseymouth,Male,2,755.86
U004616,Edward Jackson,Patrickberg,Male,2,755.02
U007476,Richard Newman,North Brandonside,Other,2,755.02
U003744,Laura Mitchell,Elizabethport,Male,2,754.62
U008094,Stephanie Miller,Daveview,Male,2,754.46
U009856,Shawn Washington,West Adamhaven,Female,2,753.98
U004915,Whitney Brooks,Port Anna,Other,2,753.96
U006386,James Owen,Littlebury,Female,2,753.3
U004426,Paul Lane,North Spencermouth,Female,2,752.74
U003684,Jeremy Mccarthy,Miguelfurt,Female,2,752.72
U007888,Noah Combs,Lake Brendaborough,Female,2,752.72
U001698,Jennifer West,South Samuelfurt,Male,2,752.62
U001544,Alfred Cowan,Wangshire,Male,2,752.36
U002958,Michelle Bennett,West Patriciaside,Female,2,752.24
U002252,Samuel Cox,Rojashaven,Male,2,751.82
U002199,Joshua Mccoy,Heathermouth,Female,2,751.36
U005279,Joseph Houston,Luistown,Female,2,748.56
U006858,Daniel Le,North Kelsey,Male,2,748.54
U006981,Tommy Luna,Martineztown,Male,2,747.64
U006127,Frances Hayes,Samanthaside,Other,2,745.6
U007166,Lucas Cardenas,Nicoleburgh,Other,2,745.4
U003906,Stacey Figueroa,North Candiceview,Male,2,744.34
U009056,Justin Daniels,Zimmermanchester,Female,2,743.66
U001550,Phyllis Choi,Petersonside,Male,2,743.2
U003671,Steve Hernandez,Erichaven,Female,2,743.06
U007297,Samuel Bond,Fischershire,Male,2,742.92
U009429,Samantha Mcbride,New Patrickborough,Male,4,742.84
U006843,Kimberly Nelson,Amyshire,Other,4,742.78
U002166,Tara Banks,New Sarahchester,Male,2,742.44
U007643,Eric Schroeder,Reidshire,Male,2,741.84
U002055,Richard Hernandez,South Denisefurt,Other,2,741.42
U004945,Regina Deleon,South Elaine,Other,2,738.66
U002182,Heather Smith,Morrismouth,Male,2,737.96
U003311,Stephanie Wilson,Sanchezfort,Male,2,737.64
U005985,Priscilla Lopez,Andersonville,Male,2,736.22
U001734,Darlene Mullins,Port Steven,Female,2,735.08
U000295,Christopher Boone,Underwoodfurt,Male,4,734.48
U009950,Donna Good,New Ethan,Female,2,734.1
U006555,Brian Jenkins,Lake Sarahside,Female,2,732.48
U003316,Darlene Chen,Atkinstown,Male,2,731.66
U000788,Alice Gibson,Mooreville,Male,2,730.48
U006701,Denise Lopez,Erikview,Male,2,728.58
U008917,Shane Walker,Christopherburgh,Other,4,727.54
U007814,Nicholas Sullivan,Port Bryanshire,Male,2,726.5
U008958,Victoria Garcia,Townsendshire,Other,2,726.18
U005470,Joseph White,Johnsonberg,Female,2,725.96
U005059,Debra Young,East Victor,Female,4,725.34
U004327,Shawn Schneider,North Jonathan,Male,2,724.68
U000938,Caleb Peterson,West Shawnside,Male,2,723.6
U005277,Steven Horton,Christianstad,Female,2,723.6
U002428,Samantha Clements,West David,Male,2,723.1
U007323,Christopher Henderson,Jessicahaven,Male,2,723.1
U004231,Heather Johnson,North Jose,Male,2,722.3
U008373,Scott Gutierrez,East Matthewfurt,Female,4,721.18
U007707,Rebecca Palmer,East Laura,Female,2,720.14
U007307,Glenn Duffy,Grayfort,Female,2,720.1
U002661,Luis Peterson,Jenniferfurt,Other,4,719.62
U003751,Natalie Shelton,Port Michelle,Male,2,718.86
U007370,Daniel Ramos,Lake Joe,Female,2,718.54
U006947,Daniel Butler,Brandonfurt,Female,2,718.24
U004971,Teresa Nelson,Veronicamouth,Male,4,717.82
U003426,Jennifer Butler,Russellbury,Other,2,715.44
U008895,Gary Roberts,Lake Christopherburgh,Female,4,714.92
U004948,Rebecca Mason,Ramirezchester,Other,2,714.66
U006851,Victor Tucker,Rebeccamouth,Male,2,714.32
U001204,Monica Hebert,East Kelsey,Female,4,713.78
U007866,Thomas Hayes,Lake Jillhaven,Female,2,713.64
U004130,Michael Wilson,Chavezberg,Female,2,712.0
U001554,Edward Matthews,South Karen,Other,2,709.76
U001024,Vanessa Berry,Jeremiahburgh,Female,2,708.98
U005005,Timothy Garcia,Coreyshire,Other,2,705.5
U005398,Bruce Jackson,Raymondchester,Female,4,704.8
U009079,Aimee Ross,Lake Patrick,Male,2,704.76
U004595,Cameron Coleman,Shawtown,Other,2,704.48
U005076,Ann Lang,Lake Stephanie,Female,4,703.54
U003923,Nathan Weber,Jenniferside,Other,2,702.9
U006608,Amber Lozano,Port Timothy,Other,2,701.16
U003618,Maria Sullivan,New Tara,Other,2,700.76
U002209,James Morris,Fostertown,Female,2,699.76
U002202,Brian Lyons,Port Robertberg,Female,2,699.38
U002015,Christopher Young,West Jimmy,Female,4,696.4
U007422,Virginia Graham,Brewerton,Female,2,694.94
U001653,Lisa Reyes,South Justin,Female,2,694.58
U009475,Charles Carpenter,South Patrickland,Female,2,693.96
U004263,Franklin Carter,West Jasonfurt,Male,2,693.68
U009474,Tara Martinez,East Michaelhaven,Other,2,693.36
U002832,Ronald Johnson,Loganstad,Other,2,692.82
U000909,Sandra Gillespie,Carolchester,Male,4,691.2
U000435,Jose Adams,Haynesstad,Female,2,690.36
U006457,Joshua Gross,Lake Danaberg,Male,4,689.78
U008699,Aaron Duncan,East Danielleberg,Other,2,688.52
U009798,Rebecca Blanchard,Lake Nicholeshire,Other,4,688.12
U007278,Sara Murray,Crystaltown,Male,2,687.56
U006319,Valerie Murray,West Geraldton,Female,2,685.56
U003675,Robert Ferguson,Bautistabury,Other,2,684.98
U004579,Alan Hardy,Lake Ashley,Other,4,684.28
U002635,Charles Howard,Alexanderchester,Other,4,684.14
U000716,Paige Weber,Roweport,Other,2,683.22
U004682,Jessica Arias,Woodsport,Other,4,682.12
U000749,Troy Arnold,West Sarah,Male,2,681.16
U002346,Justin Williams,South Candicechester,Other,2,680.18
U007730,Harry Mcguire,Melissafurt,Male,2,678.86
U001385,Kendra Reynolds,Port Darlene,Other,2,678.76
U002490,Antonio Rivera,Alexanderville,Male,2,678.12
U007226,Michelle Phillips,Port Ann,Female,2,676.98
U000227,Mark Walters,Reynoldsshire,Female,2,676.44
U007855,Cassandra Davis,South Anneview,Other,4,675.98
U001139,Craig Huffman,Parkstown,Male,4,675.42
U003844,Alan Estrada,Adamfurt,Male,2,675.2
U003934,Natasha Kemp,South Douglasville,Male,2,674.76
U009555,Emily English,West Anthony,Male,2,674.54
U003196,Renee Becker,East Peter,Male,2,674.12
U000102,Ellen Paul,Penafort,Other,4,673.26
U001588,Sophia Walker,Curtishaven,Other,2,672.88
U007723,Catherine Fowler,South Bianca,Other,2,672.78
U001018,Rachel Warren,Stephenberg,Other,2,671.22
U002628,Fred Herrera,East Nathaniel,Female,4,671.02
U004307,Michael Buckley,Gabrielleshire,Female,2,670.2
U007229,Jennifer Ortiz,Susanville,Male,2,669.76
U006115,Jessica Hester,North Walter,Male,2,668.22
U005711,Michele Tucker,Danielchester,Male,2,666.64
U007885,Eric Mcguire,East Tiffanyview,Female,2,666.56
U007617,Lori Davis,Lake Jill,Female,2,665.96
U005937,Joseph Mccoy,North James,Male,2,665.56
U004602,Jessica Young,East Daniel,Female,2,665.48
U000332,Denise Palmer,East Johnnyport,Male,2,665.38
U006142,Madison Stewart,West Tyler,Male,2,665.34
U002044,Leslie Perez,Cortezside,Female,2,664.32
U001579,Harold Woodard,North Sarah,Female,2,663.96
U002311,Anthony Woodward,Amandaborough,Male,2,662.54
U004324,Ashley Williams,Walterview,Female,2,661.66
U000975,Amanda Rose,Cummingsview,Other,2,660.12
U006936,Vernon Becker,New Joyburgh,Female,4,657.86
U008392,Diana Rice,North Ashley,Other,2,657.52
U006574,Dylan Maldonado,Wilsonstad,Male,2,657.22
U004424,Bryan Carrillo,Alyssafurt,Other,2,655.36
U008511,Michael Pratt,Fordmouth,Other,2,654.3
U002049,Brittany Hubbard,Ericton,Male,2,653.6
U003998,Richard Jackson,Port Joshuafort,Other,4,653.32
U006583,Rachel White,West Emilyfurt,Female,4,652.5
U006222,Anthony Hardy,Jessicatown,Male,2,652.18
U000090,Brandon Flynn,Knightburgh,Male,2,649.9
U006408,Emily Moore,Anthonychester,Other,4,649.78
U001022,Lindsey Oconnor,Camposchester,Other,2,649.3
U003960,Diane Carr,New Laurachester,Female,2,648.54
U009659,Nicholas Peck,Lake Maryberg,Other,2,647.46
U009336,Charles Franklin,Melissabury,Male,2,646.5
U004111,Sean Lee,Lisaville,Male,4,646.06
U003855,Joshua Mcclure,Toddview,Other,2,646.02
U004206,Theresa Hamilton,Paulchester,Female,2,645.7
U009372,Alex Jenkins,West Ralphhaven,Other,2,645.54
U002455,David Schmidt,Angelfurt,Female,2,645.4
U008786,Carl Osborn,Angelaland,Male,2,644.64
U009232,Casey George,New Alan,Other,2,644.34
U006921,Vanessa Smith,Johnfort,Female,2,641.3
U007761,Anthony Griffith,South Ryanbury,Male,2,641.3
U007246,Philip Green,East Mitchell,Other,2,640.92
U008709,Elizabeth Hutchinson,Joshuabury,Female,2,640.4
U006185,Roberto Colon,West Patricia,Female,2,640.26
U002859,Sean Schmidt,Lake Katherinefort,Other,2,639.52
U008409,Richard Green,Stephaniemouth,Female,2,637.28
U008471,Andrea Santos,Port Danielview,Male,2,637.02
U009271,Sherry Davis,Lake Walter,Other,2,635.22
U008644,Sandra Phillips,Travisview,Other,2,634.68
U009240,Douglas Fritz,Lake Douglas,Other,4,632.46
U003213,Robin Nguyen,Margaretmouth,Male,2,632.22
U009235,Kristen Mcknight,Lake Tanyafurt,Female,2,632.1
U001798,Lisa Lopez,Sandersmouth,Female,2,632.0
U008743,Matthew Holmes,Port James,Male,2,630.9
U006330,Ashley Mayer,Port William,Other,4,630.24
U001388,Joseph Nelson,New James,Female,2,629.6
U006687,Edgar Anderson,Jensenland,Female,2,629.28
U006048,Renee Brown,Michaelberg,Other,2,628.54
U006138,Anthony Patel,Glennville,Female,2,627.68
U008722,Kerri Cervantes,New Felicia,Male,2,627.66
U002867,Julie Cross,Garciamouth,Male,2,627.5
U002238,Jessica Cohen,Morrisstad,Female,2,627.06
U002481,Karen Oliver,Lake Michael,Other,2,625.26
U007293,Jennifer Johnson,North Jillbury,Female,2,625.24
U008328,David Ward,Susanburgh,Other,2,625.24
U007145,Brandy Chavez,Ponceborough,Male,2,625.04
U004631,Jared Walker,West Justinhaven,Female,2,625.04
U001363,Gwendolyn Travis,Lake Aaron,Other,2,623.92
U005408,David Kelley,Port Tasha,Other,2,623.66
U007453,Michael Lowe,New Timothyshire,Other,6,622.9
U001050,Brian Mcmillan,Whiteview,Female,2,622.8
U000536,Michael Andrews,Angelaland,Female,2,622.42
U004596,Nathan Beck,Lake Davidton,Female,2,621.3
U005699,Kevin Guzman,New Sarah,Female,2,617.76
U007499,Christopher Lee,West Michaeltown,Female,2,617.06
U005518,Heather Skinner,Snydertown,Other,2,615.08
U001984,Sarah Anderson,Herbertshire,Male,4,614.9
U002715,Anthony Hawkins,Lake Brittany,Other,2,614.88
U008850,Kathryn Williams,Huangfort,Female,2,614.7
U003605,Leslie Joyce,West Alexisland,Female,2,614.54
U001181,James Daniels,Callahanville,Other,2,614.36
U002021,Jason Brown,North Edward,Other,2,614.08
U007991,James Perkins,East Anna,Female,2,613.76
U007425,Teresa Cochran,Gregorymouth,Other,4,612.82
U006795,Hannah Zimmerman,North Amanda,Other,2,612.2
U006641,David Phelps,Marchaven,Male,2,611.54
U008552,Thomas Lee,Payneshire,Other,4,610.86
U004891,Gary Rodriguez,South Stacyborough,Female,2,608.16
U000019,Rodney Owens,South Jessicaville,Male,2,607.46
U004691,Joshua Griffin,North Larry,Other,2,606.62
U001410,Eric Frederick,Williamtown,Female,2,606.3
U008573,Jasmine Schneider,Lake John,Female,2,605.74
U003237,Lori Yoder,Hickmanton,Other,4,605.66
U004825,Samantha Christensen,Port Tiffany,Other,4,605.34
U005502,Benjamin Juarez,Sherriland,Male,2,604.74
U002484,Kelly Blevins,New Jesseville,Male,2,604.1
U000255,Jose Atkins,Port Joan,Other,2,603.86
U008435,Amber Jennings,New Chris,Female,2,603.7
U003773,Jane White,East Kimberly,Male,4,603.38
U005616,Timothy Grant,North Kylechester,Male,2,602.44
U000271,Hannah Abbott,Phillipston,Male,2,601.8
U005756,Jill Thomas,Westshire,Female,2,601.6
U008900,Ashley Ellis,Stricklandshire,Other,2,599.16
U006673,Amy Silva,Shellyfort,Female,2,598.88
U002935,Johnny Johnson,Lake David,Female,2,598.54
U003032,Jeffrey Smith,Lake Patrickmouth,Other,4,598.42
U008050,Sandra Massey,East Christopher,Other,4,597.54
U003724,Peter Henry,Melissaport,Female,2,595.0
U008707,Tyler Irwin,Elizabethmouth,Other,2,594.94
U001317,Judy Castillo,East Brenda,Male,2,593.58
U002307,Morgan Davila,West Joyce,Other,2,592.84
U003052,Melissa Smith,Powersbury,Other,2,592.46
U009565,Ronald Turner,Fergusonborough,Other,2,591.56
U005565,Ryan Jackson,West Patrickshire,Other,2,590.16
U002826,Bryan Soto,Kathychester,Female,2,589.86
U003873,Jasmine Smith,Carpenterview,Other,2,589.76
U000730,Michelle Mann,New Amber,Other,2,588.9
U005951,Troy Howard,Ramirezside,Male,2,588.52
U007199,Michael Page,East Holly,Other,2,587.48
U004488,Michael Cherry,Kimberlyberg,Female,2,587.22
U001325,Tara Brown,Haleymouth,Female,2,586.94
U000643,Christina Gomez,Port Michael,Male,2,586.48
U007155,Dennis Zuniga,Timothymouth,Male,2,586.48
U000542,Jamie Rich,Veronicashire,Other,2,586.26
U007925,Vanessa Parks,Trujilloside,Other,2,586.14
U002469,Kathryn Torres,Danielsfort,Female,2,585.54
U003353,Jane Kennedy,Bakershire,Male,2,582.28
U009959,Julie Morgan,Kathleentown,Female,2,581.92
U009830,Donna Rivera,Rothside,Other,2,580.98
U005861,Melanie Clark,West Stephenfurt,Other,2,580.98
U006659,Stephen Mcguire,Courtneyborough,Female,4,580.68
U007129,Matthew Whitaker,Lake Zachary,Female,2,580.56
U008531,Cynthia Rodriguez,Port Jeffreyside,Other,2,580.56
U006599,Alexandra Johnson,New Sarahchester,Male,2,577.46
U008739,Erica Smith,North Alexishaven,Male,2,577.42
U001332,Lori Smith,Millermouth,Other,2,576.5
U009809,Jasmin Bell,Leehaven,Male,2,575.88
U008884,Steven Brown,Jamesville,Female,4,575.28
U003028,Michael Phelps,Scottchester,Female,2,574.62
U006442,Anna Hernandez,Beasleyville,Female,2,572.9
U007325,Erica Bennett,Port Jonathanville,Other,2,571.2
U002609,Gabrielle Donovan,Hendrixfurt,Other,2,570.4
U007093,Thomas Lopez,Perryton,Other,2,570.36
U005971,Jason Turner,Juliaborough,Other,2,569.74
U000168,Sue Webb,East Scottfort,Male,2,568.86
U003321,Christopher Gray,Espinozamouth,Male,2,566.94
U004802,Julie Martinez,West Lindamouth,Other,2,566.94
U004082,Mary Leach,Leblancshire,Other,2,566.9
U002645,Tara Sharp,Gibsonmouth,Female,2,566.4
U008378,Roger Ramirez,Lake Jesusbury,Female,2,566.34
U000471,James Sandoval,Port Daniellestad,Female,2,566.1
U009751,Sheryl Meadows,Booneton,Female,2,565.58
U008491,Curtis Wilson,Allisonside,Female,2,564.1
U002841,Stacie Lyons,New Steven,Female,2,562.96
U002946,William Durham,Lake Adrianburgh,Female,2,562.06
U009361,Ronnie Mejia,Richardsonshire,Male,2,559.26
U000179,Joseph Rios,Hernandezbury,Other,2,559.04
U005524,Jeff Marks,South Nicole,Male,2,558.18
U008256,Amy Mccarthy,North Jorge,Female,4,557.7
U007655,Vincent Hardy,West Kerri,Other,2,557.48
U000949,Patrick Bruce,North Lindaville,Other,2,556.28
U006812,Pam Martin,Kevinport,Other,2,556.24
U007933,Tamara Morrow,Tanyaport,Other,2,556.0
U007517,Michael Mueller,Gordonchester,Male,2,555.28
U001211,Jason Singh,East Sharon,Other,4,553.84
U009987,Christopher Williams,Murphyland,Other,6,553.02
U008307,Mitchell Burton,South Jacqueline,Male,2,552.94
U004838,Stacey Fletcher,Lake Bobfort,Female,2,550.6
U000809,Kathleen Meyer,Port Jessica,Female,2,547.0
U005195,Brian Young,Patrickton,Male,2,546.08
U006960,Tracey Olsen,West Rickchester,Other,2,545.9
U002479,Michael Gomez,Andrewburgh,Female,2,545.84
U008502,Andrew Todd,North Matthewborough,Other,2,545.14
U000965,David Hill,Stuartfort,Male,2,543.96
U009969,Maria Sanchez,East Deniseshire,Other,2,543.52
U006577,Theodore Grimes,Lake Melissa,Other,2,542.36
U003546,Tiffany Frederick,Allenchester,Other,2,541.7
U002546,Gary Hodges,Johnstad,Female,2,539.88
U005112,Carol Burns,Andrewsberg,Female,2,539.8
U002499,Scott Shelton,Derrickhaven,Female,2,537.82
U000765,Nancy Lozano,Lake Jerry,Male,2,537.58
U004989,Cynthia Ross,Wardstad,Other,2,536.94
U008431,Joseph Harris,Fieldstown,Other,4,536.26
U004703,Brian Taylor,Stanleyview,Female,2,535.62
U000340,Olivia Watson,South Pamelahaven,Male,2,532.86
U000317,Patrick Lopez,Anneberg,Male,2,531.66
U002845,Helen Gill,Michaelland,Female,4,531.02
U005434,Maria Hoffman,Port Paulland,Male,2,530.74
U004901,Samantha Norris,Wilkersonland,Female,2,530.24
U008980,Jason Stephens,Susanside,Female,2,530.24
U000991,Clinton Gordon,West Erin,Other,2,529.78
U001512,Jennifer Hill,Hernandezview,Other,2,529.34
U008190,Michaela Smith,North Jeffrey,Other,2,529.34
U002699,Joseph Oneill,New Kevinmouth,Female,2,528.44
U002443,Jessica Barrett,Elizabethfurt,Female,2,528.08
U006600,April Rios,East Nancy,Other,4,528.0
U004219,Tracy Williams,Sullivanmouth,Female,2,527.68
U006638,Jamie Keller,Thompsonville,Female,2,527.1
U005190,Chad Moore,Olsenhaven,Male,4,526.42
U000375,Melanie Stokes,East Josephburgh,Male,4,526.12
U004441,Victoria Shah,New Sheila,Other,4,525.74
U001379,Jesse Hernandez,New Kristinville,Other,4,524.5
U003275,Cindy Dominguez,Copelandland,Male,2,523.94
U005092,John Lee,Brianport,Other,2,523.48
U007640,Gregory Peck,Jacksonside,Female,2,522.74
U004986,Tammy Marquez,West Elizabethville,Female,2,522.52
U007604,Michael Roberts,Stanleyshire,Female,2,522.44
U004831,Brooke Stewart,Lake Christopher,Other,2,522.02
U004969,Michael Jones,Lake Daniel,Other,2,521.92
U008391,Brett Gibbs,Martinhaven,Male,2,520.34
U005997,Renee Patel,Smithton,Other,2,520.04
U008146,Thomas Vasquez,Garrettberg,Male,2,520.04
U003516,John Mendoza,Port Cynthiaview,Other,2,519.8
U008883,Angela Le,Lake Jacobhaven,Male,4,518.54
U001350,Colton Richardson,West Roberttown,Female,2,518.02
U004452,Mason Anderson,Port Morganstad,Other,2,517.8
U002248,Hayley Evans,New John,Female,4,515.54
U008051,Tara Conway,South Lori,Other,2,514.7
U004912,Leah Davis,Longchester,Female,2,514.26
U006391,John Green,North Sarah,Other,2,513.5
U005219,Vanessa Vazquez,Hintonville,Other,2,513.12
U006499,Brenda Frazier,South Joyview,Male,2,513.1
U008352,Heather Wells,Curtisshire,Male,2,511.94
U003636,Sandra Allen,Walkerborough,Male,2,511.82
U007688,Jason Barnett,West Julie,Male,2,511.6
U003669,Kim Wilson,Timothymouth,Female,2,511.42
U005515,Michael Williams,Blakeshire,Female,2,510.88
U006209,Laura Wallace,Colemanchester,Female,2,510.82
U006193,Jeffrey Hughes,South Robinton,Other,2,509.88
U001501,Sara Yates,Hoshire,Other,2,509.52
U009494,Kyle Doyle,Watkinsfurt,Female,2,509.34
U007025,Brandon Elliott,Port Kristina,Male,2,509.16
U009155,Kenneth Benson,West Emilyhaven,Female,2,508.52
U005745,James Jenkins,Byrdfort,Other,2,508.12
U006443,Jose Cooper,Reyesbury,Other,2,506.36
U004881,Walter Davis,Port Kristen,Female,2,506.02
U003544,Juan Rice,Lake Allen,Female,2,504.96
U003530,Erica Solomon,Port Georgeton,Male,4,504.46
U000863,Matthew Nelson,Lynnville,Other,2,504.34
U005887,Rebecca Walters,West Carrie,Other,2,504.26
U003540,Justin Jones,Brianstad,Male,2,504.2
U001922,Martin Lewis,Timothyfurt,Female,2,504.18
U004235,Jesus Chandler,New Charlesstad,Other,2,504.18
U006746,Robert Charles,Kramerburgh,Male,2,504.18
U001030,Vincent Ross,Gilesview,Other,2,502.72
U005374,Karen Snyder,East Craig,Other,2,502.24
U003874,Brandon Edwards,West Jacob,Female,2,501.58
U008855,Anthony Cooper,Richardsonhaven,Male,2,500.82
U001288,Justin Simon,South Lindaberg,Other,2,500.08
U003400,Donna Walsh,Lopezland,Male,2,500.0
U009912,Gabrielle Adkins,Ralphmouth,Female,2,499.82
U007003,Justin Williams,Sarahmouth,Female,2,499.64
U000352,Chelsea Strickland,New Tylerborough,Male,2,499.58
U000837,Travis Pope,Nicholasfurt,Female,4,499.12
U002430,Margaret Moran,Lake Tamara,Female,2,498.72
U001128,Heather Simon,Carolynfort,Female,4,498.4
U004696,Randall Rios,Port Lauren,Female,2,497.88
U000515,Robert Clark,South Jenniferport,Female,2,497.84
U001367,Jared Patterson,Rowlandfort,Other,2,496.62
U002150,Ian Blankenship,New Nicholas,Female,4,496.32
U001275,Christy Scott,Jamieview,Other,2,495.98
U008025,Thomas Perkins,Lake Jamestown,Female,2,495.68
U005397,Michael Adams,Gregoryport,Female,2,495.54
U000010,Brandon Rodriguez,Jamesmouth,Male,2,494.4
U009932,Susan Martin,Morrowburgh,Other,2,492.76
U004938,Tina Hernandez,West Leslie,Female,2,492.1
U005439,Grace Kirby,East Cesar,Other,2,491.6
U002701,Kimberly Silva,North Danielfort,Female,2,491.3
U009107,Alexander Rice,North Patrick,Female,4,490.28
U003591,Ricardo Miller,East Jacqueline,Other,2,489.48
U008479,Matthew Nichols,Chavezstad,Other,2,489.34
U001570,Erin Flores,South Kristenshire,Other,2,488.88
U009766,Christopher Wallace,Port Bradleymouth,Female,2,488.72
U002870,Heather Williams,Christinaport,Other,2,488.32
U002329,Cynthia Price,South Dillonshire,Female,2,487.92
U004902,Christopher Morgan,West Michelle,Other,2,487.92
U003497,Steven Lindsey,West Janestad,Female,4,486.88
U006383,Anthony Harvey,Port Anthonyburgh,Female,2,486.86
U007766,Ronald Pham,Adamsmouth,Female,2,486.86
U008660,Alan Thomas,Heidiview,Female,2,486.62
U008815,Mary Ward,Drakeberg,Male,2,486.52
U008308,Alisha Johnson,Riddleport,Other,2,485.58
U001558,Robert Thomas,Alexanderport,Female,2,485.46
U008529,Christine Martinez,Wigginsmouth,Male,2,483.96
U008599,Rebecca Carpenter,Port Justin,Other,2,483.8
U001627,Gloria Graves,North Darius,Female,2,483.76
U002930,Shelia Rivera,East Joshuaville,Male,2,483.34
U002237,Mary Brown,North Robertstad,Other,2,482.72
U009140,Brent Snyder,Dunlapburgh,Male,2,482.18
U008504,Cindy Dennis,Merrittborough,Other,2,478.98
U000688,Cody Richardson,Annachester,Other,2,478.32
U004264,Theresa Murphy,South Angelaview,Male,2,478.26
U004926,Jessica Hill,Christopherfurt,Other,2,478.1
U006091,Jill Hernandez,Lake James,Female,2,477.22
U001799,Melissa Allen,West Kimberly,Male,2,476.76
U006838,Dwayne Stephens,Port Maria,Other,2,476.72
U000568,Chad Luna,North Elizabethview,Male,2,476.6
U005890,Angela Wilson,North Staceyfort,Other,2,476.52
U005200,Lynn Crane,Ericview,Other,2,475.66
U001599,Matthew Yang,Lauramouth,Female,2,474.06
U008584,Jonathan Clements,Mitchellfort,Other,2,473.94
U005671,Jessica Brown,Gonzalesburgh,Male,2,473.66
U001533,Lindsey Pitts,Morenomouth,Male,2,473.4
U004716,Heather Ray,East Sydney,Female,2,473.32
U007354,Shannon Hall,Bartlettshire,Male,2,472.68
U003842,George Benson,Matthewland,Male,4,471.44
U008514,Brian Paul,New Suzanne,Male,2,471.4
U001709,Brittany Martin,Lake Donnafort,Other,2,471.38
U001529,Suzanne Esparza,North Rhondaborough,Male,2,471.3
U001672,Danielle Martin,Corteztown,Other,2,471.02
U007779,Benjamin Collins,Ashleychester,Female,2,470.14
U003542,Adrienne Curtis,West Curtisland,Female,2,469.14
U002125,Randy Newman,New Sarahburgh,Female,2,468.98
U005551,Nicole Hobbs,Port Christopher,Other,2,468.68
U004918,Ashley Jenkins,Kevinmouth,Male,2,467.4
U006453,Anthony Powell,Taylorchester,Other,2,466.26
U000338,Danielle Alvarez,Connorberg,Other,2,464.96
U004736,Melissa Mccoy,Mikeside,Male,2,464.68
U003824,Kevin Rush,Lake Patrickport,Other,2,464.64
U004236,Donna Lopez,Tuckerchester,Other,2,464.12
U009604,Matthew Moran,New Breanna,Female,2,464.06
U005161,Jessica Guerrero,Samuelchester,Male,2,463.32
U003995,Jason Bass,Port Nicoletown,Female,2,462.98
U002419,Daniel Carroll,Bethhaven,Other,2,462.52
U004887,Paul Robinson,South Christopher,Male,2,462.12
U007334,John Montoya,New Amy,Other,2,461.5
U000360,Alexander Oneill,South Dorothybury,Male,2,460.82
U006823,Katie Reynolds,Deborahmouth,Other,2,460.06
U000130,Susan Hayes,North John,Other,2,459.82
U000979,Stacey Jones,East Brandy,Female,2,458.94
U008057,Jody Chan,New David,Other,2,458.64
U008288,Brian Li,Harperfort,Female,2,458.4
U007882,Scott Rios,Port Nicholas,Other,2,458.3
U002915,Gary Hernandez,South Justinstad,Other,2,458.24
U005428,Tiffany Smith,Trujilloville,Other,2,458.24
U008457,Julie Scott,Lynchburgh,Male,2,457.96
U009442,Ricardo Maldonado,Lynntown,Female,2,457.9
U001170,Katherine Peterson,Ashleyton,Male,2,457.6
U004196,Kenneth King,Wilsonshire,Other,2,457.6
U004157,Vanessa Huerta,Johnburgh,Male,2,457.16
U007898,Steven Jackson,Rubioshire,Female,2,456.76
U006916,Michael Compton,East Eugeneshire,Female,2,456.68
U007913,Justin Brown,Erinmouth,Other,4,456.58
U000343,Brian Hayes,Gloverland,Male,2,456.52
U002533,Beth Webster,South Emily,Female,2,454.68
U004829,Edward Rodriguez,Williamfurt,Male,2,454.22
U001522,Susan Pruitt,Connerport,Male,2,453.7
U001176,David Gonzalez,Lake James,Female,2,453.56
U001590,Chelsea Avila,Courtneyville,Male,2,452.48
U000141,Wayne Young,Laceyberg,Female,2,452.48
U000677,Ralph Wood,Conradmouth,Female,2,452.4
U002050,Lisa Murray,Ryanstad,Female,2,450.48
U005913,Linda Phillips,East Coreytown,Female,2,450.4
U009061,William Anderson,Rileyside,Other,2,450.16
U007685,Donald Waters,East Nathanielberg,Male,2,449.74
U000899,Jonathan Sims,New Crystal,Female,2,449.52
U005228,Bryan Walton,Lake David,Other,2,449.48
U006060,Whitney Mendoza,Reyesfort,Female,2,448.88
U007312,William Wells,Angelabury,Male,2,448.02
U002923,Elizabeth Williams,Heatherside,Male,2,447.74
U009956,Adam Hall,South Jesus,Male,2,445.88
U003066,Richard Alexander,South Christopherburgh,Female,2,445.38
U001079,Stephanie Humphrey,Harperside,Other,2,445.34
U004719,Stephen Gilbert,New Charles,Female,2,444.48
U001680,Erin Brown,Smallton,Other,2,444.42
U006229,Bonnie Hall,Julieshire,Female,2,444.34
U008449,Nancy Washington,Lake Damon,Other,2,444.24
U004811,Troy Powers,Solomonfort,Male,2,443.98
U006075,Daniel Alexander,Ruizshire,Other,2,442.88
U007872,Elizabeth Villa,Melissaview,Male,4,442.58
U001326,Rachel Alvarez,East Tammy,Female,2,442.52
U009339,Suzanne Shaw,Richardstad,Female,2,442.26
U008489,Haley Williams,West Kristen,Male,2,442.08
U002684,Evan Kirk,Evansshire,Female,4,440.02
U001210,Melanie Thompson,Farmerton,Other,2,439.9
U005436,Joshua Brown,South Kimberly,Other,2,439.44
U000087,Diana Moore,Santosmouth,Other,2,439.08
U008819,Jenna Hardy,Debrastad,Male,2,439.0
U004607,Sean Burnett,New Elizabethstad,Male,2,438.2
U009464,William Nelson,Kirkville,Female,2,437.62
U004522,William Hammond,Turnermouth,Female,4,437.36
U000510,Adam Andrade,Ramostown,Male,2,436.84
U004289,David Delgado,Port Charlesburgh,Male,4,436.36
U008014,Michael Parker,Petersonfort,Other,2,435.76
U004845,Kristine Cook,East Kim,Other,2,435.66
U002230,Keith Cantu,Lake Shannon,Male,2,434.94
U008510,Vicki Perez,Vanceburgh,Male,2,434.74
U001131,Mason Choi,Fostermouth,Female,2,431.9
U005833,Wendy Mcclain,West Carolynchester,Female,4,431.78
U002106,Kaitlin Guerra,Campbellhaven,Male,2,431.42
U006690,Monica Smith,Port Danielle,Other,2,431.42
U004632,Raymond Allen,Dunnchester,Other,4,429.46
U007320,Donald Smith,North Thomas,Male,2,428.46
U000485,Andrew Torres,Williamsbury,Male,2,428.24
U006539,Janet Price,Lake Suzanne,Other,2,428.0
U005995,Matthew Burns,Port Jennifer,Male,2,427.24
U000321,Rodney Mcneil,Luisland,Female,4,426.94
U008395,Danielle Palmer,West Calvintown,Female,2,426.3
U004176,Maurice Glenn,North Baileybury,Male,2,424.92
U005435,Karen Gardner,Bradfordview,Female,2,422.64
U008001,Donald Adams,Ericland,Female,2,421.92
U006324,Madison Ferguson,Stacymouth,Female,2,421.16
U005259,Jared Brown,Kelliland,Male,2,419.12
U002529,Tina Richardson,Carlsonchester,Other,2,419.02
U008876,Kathleen Gibbs,Feliciaport,Male,2,417.84
U002698,Kathleen Williams,Cookfort,Female,2,417.5
U008335,Vanessa Hammond,Lake Coreyland,Male,2,417.5
U000671,Christine Burke,North Jenniferchester,Other,2,417.4
U004862,Kathleen Copeland,Jasonton,Male,2,417.04
U004147,Emily Wood,Lindabury,Male,4,416.72
U009414,Steve Bruce,Olsonside,Other,2,416.68
U006389,Tim Nicholson,East Michael,Other,2,414.86
U006798,Stephen Durham,Nicoleside,Other,2,414.34
U008484,Edwin Johns,West Sarahland,Other,4,413.02
U009754,Joseph Graves,North Shannonside,Male,2,411.46
U000540,Stephanie Jones,Troyton,Female,2,410.66
U001180,Kathleen Woods,East Timothymouth,Female,2,409.56
U001864,Jennifer Rosario,Olsenchester,Female,2,409.52
U006216,Douglas King,North Emma,Male,2,408.58
U004958,Michael Brown,Gallagherchester,Female,2,408.0
U001502,Heather Lester,Fostershire,Female,4,407.94
U002032,Justin Spence,Lake Davidborough,Female,2,407.14
U004416,Maria Hill,Wallerborough,Other,2,406.34
U006696,Amy Lopez,Ericmouth,Male,4,405.44
U001106,Tammy Mclaughlin,North Sarah,Female,2,405.22
U008828,Melvin Medina,South Jennifershire,Other,2,402.6
U000867,John Franklin,Joshuachester,Male,2,402.0
U007996,Michael Scott,East Shannon,Male,2,401.2
U001751,Ian Santana,Maloneton,Other,2,401.06
U007375,Nancy Bass,Travisfurt,Other,2,400.8
U007521,Stephen Knight,Lake John,Female,2,399.58
U001285,Douglas Garcia,Mackville,Male,2,398.9
U008863,Samantha Schultz,Lake Wendychester,Other,2,398.76
U009313,Anthony West,North Jesusshire,Female,2,398.16
U000225,John Davenport,Camposberg,Other,2,398.08
U004179,Ann Boone,Millerbury,Female,4,397.88
U005258,Lindsay Curtis,Washingtonville,Male,2,397.18
U002942,Heather Patel,East Christianbury,Other,2,396.0
U001740,Tiffany Harris,North Jonathanton,Male,2,395.66
U001609,Christopher Bryant,Juliestad,Male,2,394.14
U000728,Thomas Cortez,Contrerasberg,Other,2,394.08
U009478,Jacob Clark,Fergusonland,Female,2,393.98
U002041,Madeline Price,Brandonhaven,Male,2,392.98
U004679,James Gilbert,Edwardsside,Male,2,392.8
U006946,Jose Wallace,East Mary,Male,2,392.64
U004465,Billy Boone,East Christopherhaven,Other,2,391.12
U001163,Jennifer Allen,West Calvin,Other,2,390.92
U006240,Jesse Castillo,Robersontown,Female,2,390.78
U008546,Nicholas Reed,North Kristinville,Other,2,390.76
U003060,Martin Kim,Ramosshire,Female,2,390.42
U007073,Christina Moreno,South Samantha,Female,2,390.42
U000337,Robert Price,Jessicabury,Other,2,389.62
U004371,Johnathan Martinez,New Alexis,Female,2,389.5
U001960,Jamie Nichols,North Jacobside,Other,2,389.44
U001085,Andrew Gray,New Jasonside,Male,2,387.88
U001644,John Murray,Taraview,Other,2,386.24
U003833,Jeffery Rodriguez,Jacksonburgh,Female,2,386.24
U006657,Sonya Glenn,East Dakotafurt,Male,2,384.0
U004141,Deborah Washington,East Brianland,Female,2,383.82
U001487,Angela Bradley,Jenniferchester,Female,2,383.78
U002450,Derrick Reid,Kimberlyview,Female,2,383.6
U009022,Julie Smith,East Denise,Female,4,382.2
U005595,Anna Moran,East James,Female,2,380.44
U005529,Christopher Peters,Bassshire,Other,4,380.18
U007907,Elizabeth Bauer,Louisville,Other,2,379.8
U004210,Abigail Fuller,Francesberg,Male,4,379.64
U005848,Nathan Adams,Edwardborough,Female,2,379.58
U008734,Melissa Jordan,Camachoton,Female,2,379.58
U002538,Jose Scott,North Lee,Other,2,379.42
U006003,Erin Shaffer,Gordonfurt,Male,2,378.84
U008089,Matthew Pena,Santoston,Other,2,378.7
U009360,James Coleman,North Phillipmouth,Other,2,378.48
U007140,Jesse Williams,New Joseph,Other,2,378.32
U004919,Carlos Campbell,Lake Natasha,Female,2,378.18
U004917,Jennifer Woods,Rossberg,Female,2,377.96
U008862,Brian Lawrence,Woodardborough,Other,2,376.36
U009229,Beth Ayers,Lake Robinton,Other,2,376.02
U002160,Shannon Lopez,Aliciaton,Other,2,375.5
U003572,Veronica Stevenson,Fernandoton,Male,2,375.3
U005049,Molly Fitzpatrick,Port Claudiahaven,Other,4,373.9
U007667,Norman Stewart,West Caitlinhaven,Other,2,373.88
U000629,Bethany Bell,New Jayborough,Female,2,373.02
U007717,Matthew Bailey,North Matthew,Male,2,373.02
U008926,Ryan Howell,Adamview,Female,2,372.96
U007860,Brenda Greene,West Katherine,Female,2,372.8
U002183,Rachel Campbell,West Jennifer,Female,2,372.28
U000535,Samantha Rivera,West Timothyburgh,Other,2,372.26
U009124,Matthew Richmond,West Donnabury,Male,2,371.52
U003221,Chris Colon,New Josephmouth,Female,2,370.92
U003208,Elijah Gray,Kathyshire,Other,2,370.34
U002921,Brittany Davis,Laurenland,Male,2,370.06
U001254,Michael Blevins,Padillaberg,Male,2,370.02
U006132,James Little,Lake Melissafort,Other,2,369.96
U007805,Stephanie Peters,South Brianmouth,Female,2,369.6
U009262,Stephanie Mckenzie,Tarastad,Other,2,368.8
U006378,Walter Wright,Williamsborough,Female,2,368.66
U002849,Stephen Roman,Port Catherinechester,Male,2,368.36
U003599,Ronald Phelps,East Deborahbury,Other,2,368.24
U002823,Timothy Gonzalez,South Ericamouth,Other,2,368.18
U007507,Lori Herrera,East Annette,Other,2,367.54
U006494,David Vaughn,South Margaretview,Male,2,367.5
U006557,Patrick Nguyen,Scottshire,Female,2,367.18
U009030,John Turner,South Natalieville,Female,2,366.24
U007705,David Lamb,Port Williamborough,Other,2,364.22
U005016,Cindy Ellis,Christopherbury,Female,2,361.48
U002228,Alexis Campbell,Jayberg,Female,2,361.42
U009476,Bill Herring,Willisview,Other,2,361.2
U008295,Gerald Phillips,West Clarenceburgh,Female,2,360.8
U001451,Joseph Snow,Ralphtown,Other,2,360.64
U001264,Laura Martinez,New April,Female,4,360.44
U008223,Christopher Harris,Scottton,Other,2,359.98
U005048,Jonathan Martin,Lake Craig,Male,2,359.46
U003903,Tonya Pope,New Markfurt,Male,2,359.4
U002391,Rhonda Miller,North Anthonybury,Male,2,359.06
U007953,Cindy Schneider,Port Joshuaton,Female,2,358.92
U001434,Nicholas Miller,Vasquezland,Other,2,358.4
U000286,Aaron Sandoval,Woodwardberg,Female,2,358.28
U008168,Kathryn Henry,Sandersport,Other,2,357.54
U008097,Christopher Wiggins,Kimberlyside,Female,2,356.62
U006884,Joel Williams,Grahambury,Other,2,356.36
U006633,Crystal Gomez,Port Heatherborough,Male,2,355.9
U005382,Ann Kirk,West Kelseytown,Male,2,355.88
U005640,Daniel Turner,South Jenniferview,Male,2,355.78
U002276,Nicole Hall,Josefort,Other,2,355.54
U001967,Kathleen Santana,Suzannebury,Other,2,355.36
U003846,Jacob Parker,Lake Kristaberg,Female,2,355.28
U002296,Todd Gonzales,East Saraside,Male,2,355.02
U003159,James Young,Sergiostad,Female,2,354.72
U008422,Melissa Jones,Aliciatown,Female,2,354.12
U007488,Jason Duncan,West Charlene,Male,2,353.54
U004858,Julie Gutierrez,Rebekahton,Other,2,353.42
U001504,Nicole Allen,Martinberg,Female,2,353.3
U009797,Nancy Garcia,Catherinestad,Female,2,352.38
U006964,Keith Bonilla,Lake Sarah,Female,2,351.38
U002171,Dawn Jones,North Dwayne,Male,2,351.36
U003768,Victoria Robinson,Lake Sara,Male,2,351.1
U004557,Wayne Taylor,Lake Brittany,Other,2,350.86
U004683,Robert Chapman,Sarahton,Other,2,350.76
U008964,Gregory Miller,Scotthaven,Female,2,350.76
U002992,Antonio Neal,Robertview,Male,2,350.24
U004394,Danielle Parker,Lake Ericborough,Female,2,349.92
U002172,Christy Houston,South Billy,Other,2,349.58
U007214,Nicholas Ross,Parkermouth,Female,4,348.0
U008027,Charles Castillo,North Janiceborough,Other,2,347.94
U007252,Tammy Fox,Wilsonton,Other,2,347.88
U005054,Anthony Best,West Emily,Male,2,347.2
U002386,Elizabeth Dickson,Brianburgh,Female,2,346.5
U009182,Joshua Lyons,East Staceyhaven,Other,2,346.3
U005559,Daniel Dixon,Ericaview,Other,2,345.88
U009755,Patricia Thompson,Aguilarfort,Other,2,344.84
U004640,Chase Henry,Lake Shawn,Female,2,343.78
U008771,Ryan Greer,Lake Madison,Male,2,343.38
U000490,Andrew Dillon,West Toddside,Male,2,342.56
U002128,James Frazier,Archertown,Female,2,342.24
U001937,Brittany Sanders,New Cassandra,Female,2,341.3
U004962,Michelle Delacruz,East David,Male,2,341.06
U006460,Jason Ayala,Lake Williammouth,Male,2,339.42
U003972,Kimberly Becker,Anneland,Female,4,337.56
U001853,Jamie Zamora,North Michaela,Other,4,336.66
U003898,Yvonne Delgado,Lake Daniel,Other,2,336.5
U000562,Connor Garcia,Jamestown,Male,2,336.1
U004208,Sandra Brown,Port Tracey,Female,2,335.9
U006518,Jesus Robbins,South Walter,Male,2,335.8
U007190,Sheila Bullock,Powellbury,Female,2,335.72
U000371,Diane Obrien,West Raymond,Other,2,333.28
U009578,Lisa Mills,Autumnborough,Female,2,333.28
U000309,Jenna Fowler,West Jonathanville,Male,2,330.8
U007442,Shelby Mata,Jamesland,Female,2,330.44
U000669,Grace Serrano,Waltershire,Other,2,330.06
U003177,Tammy Blankenship,Scottfort,Other,2,330.06
U003644,Denise Walker,South Robertfurt,Other,2,330.06
U004033,Justin Washington,Kristenmouth,Other,2,330.06
U004186,Patrick Guerrero,New Lukehaven,Male,2,330.06
U004609,Marcia Ayala,South Peter,Female,2,330.06
U005463,John Robbins,Jacksonview,Male,2,326.46
U007291,Phillip Stanton,Littleland,Other,2,326.16
U004566,Robert Hanson,Lake Joseph,Female,2,326.08
U002152,Kathryn Scott,Erinbury,Other,4,324.94
U000861,Chad Oconnor,South Lorraine,Female,2,324.22
U003182,Rodney Acosta,Garciamouth,Male,2,323.28
U004737,Jessica Payne,Vincentport,Male,2,322.98
U007324,Diana Hoover,South Tamara,Female,2,322.58
U002189,Thomas Smith,Kennethton,Female,2,322.3
U004996,Amy Wade,Heatherfort,Female,4,321.92
U006811,Stephen Rose,Carrfort,Female,2,321.8
U009524,Christy Jones,North Ronald,Other,2,321.7
U006255,Kevin Williams,Port Tammietown,Male,2,320.38
U005203,Seth Nelson,East Susan,Other,2,320.36
U007638,Micheal Byrd,Johnsonmouth,Other,2,319.48
U005465,John Patterson,Estradahaven,Other,2,319.46
U006015,William Owens,Kimberlystad,Other,2,319.42
U007239,Maria Clark,Vasquezhaven,Male,2,318.58
U002911,Brett Harrison,North Nathan,Female,2,317.98
U009709,Marcus Payne,Lake Gregorybury,Male,2,317.68
U008749,Matthew Williams,Candiceton,Female,2,316.44
U002323,Justin Dunn,Gloverfurt,Female,2,315.9
U002324,Dylan Cunningham,South Colebury,Other,2,315.58
U006538,Melissa Mccullough,Port Kevinton,Female,2,315.58
U005635,Jeffrey Juarez,South Tinaberg,Other,2,314.0
U008171,Jennifer Cobb,Cruzberg,Other,2,314.0
U009244,Stacey Jones,Deborahmouth,Female,2,314.0
U006699,Amy Walker,North Erikaport,Other,2,313.96
U002511,Laura Bauer,Christopherville,Other,2,313.28
U002734,Debbie Erickson,Jamesport,Other,2,313.04
U009866,Stephanie Ryan,Johnsonmouth,Female,2,312.62
U008694,Ann Ball,Zunigaton,Female,4,312.0
U006107,Sarah Brown,Wilsonview,Female,2,310.5
U007831,Edward Orr,Robinsonberg,Female,2,310.4
U002928,Valerie Hobbs,Rogerston,Female,2,309.62
U002289,Pamela Perry,Fritzchester,Female,2,309.34
U009962,Mallory Obrien,New Matthewfurt,Female,2,309.34
U004460,Courtney Booth,Warrenton,Other,2,309.22
U003204,Lisa Parker,Port Troy,Female,2,309.1
U008087,William Robinson,Kennedybury,Female,2,308.82
U001804,Eric Cox,Greenfort,Other,2,308.56
U004735,Natasha Taylor,Port Kellymouth,Male,2,307.6
U008147,Crystal Paul,Ernesttown,Female,2,307.42
U003103,Edgar Reilly,East Travisshire,Other,2,306.68
U000817,Sara Bentley,Dyerville,Female,4,306.62
U009799,Austin Reid,Shannontown,Male,4,304.92
U005476,Sarah Combs,New Richardland,Other,4,304.88
U001140,Susan Morales,New Lindsaymouth,Other,2,304.48
U004099,Troy Murphy,Knightville,Other,2,304.2
U004175,Christopher Miller,North Melody,Male,2,304.2
U008192,Luke Wright,Robertshire,Male,2,303.0
U004029,Michelle Vega,Justinton,Other,2,302.36
U002082,Kari Sanchez,Andersonside,Female,2,302.24
U002618,Olivia Baker,Lake Bethanyview,Other,2,301.16
U008835,Carol Wilson,Matthewhaven,Other,2,300.02
U009487,Peter Hart,New Steve,Other,2,300.0
U004228,Joseph Dunn,Hunterville,Female,2,299.52
U002947,Jeremy Walker,Pamelaburgh,Male,4,299.4
U007365,Megan Peterson,Lake Jeremyberg,Male,2,298.44
U007430,Cesar Booth,East Annaland,Male,2,297.78
U005050,Bradley Nelson,West Aaronton,Male,2,297.46
U007664,Kenneth Tate,Bonniemouth,Female,2,297.32
U002702,Barbara Myers,Robertmouth,Other,2,297.1
U000024,Wesley Farrell,New Carlosbury,Male,2,296.32
U000384,Michael Allen,Moonville,Other,2,295.94
U007030,Monique Rodriguez,Chloeside,Female,2,295.72
U001824,Alexander Keller,New Kristenfurt,Male,4,295.66
U005212,William Espinoza,East Stephanie,Female,2,294.34
U007818,Elizabeth Herrera,Smithfurt,Female,2,294.22
U007675,Caitlin Lam,Port Ashley,Female,2,293.94
U003190,Mark Willis,Bakertown,Other,2,293.3
U001476,James King,Lake Johnton,Other,2,293.06
U007681,Greg Nguyen,West Vincentville,Male,2,292.98
U005772,Julian Williams,Lisafurt,Other,2,290.34
U009844,Paul Friedman,New Samuelton,Male,2,290.26
U009732,Gregory Rodriguez,Mitchellhaven,Female,2,288.22
U005591,Andrea Morris,North John,Male,2,287.8
U000522,Andrew Ray,Marymouth,Other,2,286.32
U005798,Virginia May,Port Tracyfurt,Female,2,286.08
U004734,Lisa Hoffman,Hollyfurt,Other,2,285.88
U008281,Joseph Hart,Kirkchester,Female,2,285.88
U001676,David Green,Port Richardside,Other,2,285.18
U000476,William Duncan,West Michael,Other,2,284.54
U002040,Christine Wilson,Lake Darrellchester,Female,2,284.1
U000107,Alfred Baker,South Shanestad,Male,4,283.84
U008042,Peter Schmidt,Port Travis,Male,2,283.06
U003276,John Phillips,Thomaston,Male,4,282.52
U004412,Jose Aguilar,Lake Herbertstad,Female,2,281.6
U005391,Devon Jones,Travisburgh,Female,2,281.46
U009522,Mark Marsh,Priceborough,Male,2,281.24
U007111,Allison Robbins,West Billy,Male,2,281.04
U004160,Sara Moore,Port Juan,Other,2,280.8
U005865,Benjamin Green,Christopherbury,Other,2,280.6
U004078,Erika Powell,Lake Roberta,Male,2,279.72
U000044,John Douglas,Robinsonhaven,Female,2,279.28
U001845,Mary Lyons,Andersonfort,Male,2,278.04
U001886,Alan Gallagher,South Kyleport,Other,2,277.9
U002789,Monica Gentry,West Kristinbury,Other,2,277.78
U003181,Krista Stanley,North Sharon,Male,2,277.64
U006615,Alison Dillon,Marybury,Female,2,277.48
U003490,Karen Brown,Fergusonland,Other,2,277.32
U003852,Timothy Carlson,East James,Male,2,277.3
U004992,Ana Hall,Karenborough,Female,2,276.88
U001270,Holly Rose,Lake Lee,Female,2,276.48
U003264,Katherine Wong,Normanshire,Female,2,276.48
U004270,Mark Gonzales,Hughesside,Female,2,276.48
U007081,Rhonda Wilson,Susanview,Female,2,275.76
U008163,Amanda Hobbs,Tranland,Female,2,275.28
U007446,John Chen,Kellyton,Female,2,274.9
U006108,Sheila Jackson,Smithstad,Other,2,274.2
U007680,Jennifer Vazquez,East Sherryport,Male,2,273.94
U001713,Christopher Phillips,New Keith,Female,2,271.7
U009299,Jessica Taylor,Loganport,Male,2,270.48
U007171,Michele Andrews,Lake Melissa,Other,2,270.46
U009433,Anna Carter,New Aaronville,Female,2,269.98
U001021,Anthony Quinn,Morrisbury,Male,4,269.34
U003804,Anthony Porter,Port Natashaton,Other,2,268.48
U006959,Eric Rowe,North Katherinefort,Other,2,267.98
U008609,Christopher Hutchinson,Ingramburgh,Female,2,267.92
U003304,Sarah Cain,Joshuaburgh,Male,2,265.32
U006416,Angela Martinez,Taylorview,Other,2,265.04
U004485,Andrew Rice,Bradleyfurt,Other,2,264.74
U008304,Hannah Barber,Jonesfurt,Other,2,264.44
U005052,Kristen Scott,West Heather,Other,2,264.26
U002577,Olivia Thompson,Wallacemouth,Female,2,264.12
U009530,Debra Ewing,Haileyburgh,Other,2,264.12
U000410,Natalie Luna,Dillonburgh,Other,2,262.4
U004288,Shaun Strickland,Tammymouth,Male,2,262.32
U007775,Annette Robles,New Richard,Male,2,262.06
U001060,Heather Wallace,West Denisebury,Male,4,261.26
U003470,Cody Duran,West Edwinland,Other,2,261.12
U003682,Douglas Carrillo,Rhondaburgh,Female,2,261.12
U001132,Dylan Andrade,Davisbury,Male,2,260.62
U001525,Kelly Harris,Port Alicia,Other,4,260.54
U004662,Richard Yang,Ginaport,Male,4,260.32
U004872,Jennifer Alvarez,West Jeffreymouth,Other,2,259.16
U002659,Kristin Little,West Richardshire,Other,2,258.98
U005455,Cory Jackson,New Tinaside,Other,4,257.84
U005104,Angela Pitts,Port Stephanie,Male,2,257.8
U006764,Benjamin Patel,New Susanberg,Female,2,257.58
U007618,Amanda Weber,Darrenchester,Female,2,257.06
U001098,Katherine Martin,South Tylerhaven,Other,2,256.78
U000705,Travis Leon,North Michaelview,Female,2,256.56
U009181,Robert Smith,Garrettville,Other,2,256.44
U004721,Edward Goodwin,Victoriaville,Male,2,255.62
U001080,Colin Rodriguez,Wilsonmouth,Other,2,255.5
U008727,Ryan Wright,South Charles,Male,4,254.9
U009808,Gregg Watts,New Angelafurt,Female,6,253.96
U005765,Jeffery Arnold,West Marialand,Male,2,253.52
U001867,Kristina Harrison,East Levi,Female,2,252.58
U008165,Melissa Wilson,Port Brenda,Female,2,252.58
U009616,Richard Ellis,Rogerston,Other,2,252.48
U001948,Sandy Richards,Julieside,Male,2,252.32
U004447,Claudia Simon,Matthewfort,Other,2,252.32
U006414,Anthony Washington,South Jason,Female,4,251.34
U004805,Karen Hunt,South Brandonstad,Male,2,250.96
U001113,Raymond Forbes,Osbornmouth,Male,2,250.36
U000250,Heather Brewer,West Megan,Male,2,249.94
U009049,Kelli Orozco,New Autumn,Male,4,249.8
U001877,Gabrielle Jones,South Ronald,Male,2,249.78
U008154,Frank Nguyen,Riceport,Male,2,248.62
U004920,Mary Ray,Brandontown,Male,2,248.44
U005978,Vicki Garcia,Ashleyburgh,Male,2,248.2
U003765,Haley Delgado,Curryland,Other,2,248.16
U009816,Edward Wilson,Krausechester,Female,2,247.6
U007013,Karen Smith,Huangberg,Male,2,247.36
U000077,Keith Landry,Port Richardhaven,Female,2,246.54
U007242,John Fisher,West Tracymouth,Other,2,246.28
U005936,Tammy Li,Michaelberg,Other,4,245.96
U009188,Heather Anderson,Katherineview,Male,2,245.42
U003271,William Wiley,East Susanshire,Other,2,245.02
U007110,Albert Smith,Port Justinville,Other,4,244.62
U002585,Rose Lambert,Port Yvonneland,Other,2,244.06
U007417,Christy Sandoval,West Andrew,Other,2,243.78
U007047,Jill Campbell,Mitchellfort,Other,2,243.32
U002410,Patrick Christian,North Anna,Other,2,243.1
U001135,Jessica Coleman,East Nicoleburgh,Female,2,242.06
U001384,David Mendez,East Carol,Male,2,241.64
U002143,Caroline Perry,Karentown,Other,2,241.64
U009532,Justin Gonzales,South Timothyhaven,Other,2,240.92
U004444,Mike Ramos,New Jasmin,Other,2,240.56
U006702,Mallory Green,South Timothy,Female,2,240.04
U001614,Craig Simmons,Joelside,Male,2,239.16
U008078,Haley Mills,Lake Joy,Female,2,239.04
U006164,Roy Price,Goodmanberg,Other,2,238.96
U008162,Andrew Harrell,East Mark,Other,2,238.8
U003122,Tina Gomez,East Melissa,Female,2,238.36
U001482,Nicole Taylor,New Shawnport,Female,2,238.2
U009394,Savannah Watts,West Richard,Other,2,238.14
U000311,Timothy Shields,Andrewview,Male,2,237.6
U005307,Billy May,North Theresa,Male,2,237.32
U003062,Jason Williams,New Michelleshire,Female,2,236.16
U003813,Sarah Webb,West Tiffanyshire,Female,2,235.44
U000943,Samuel Gaines,North Jennifer,Male,2,235.38
U006090,Michelle Mccarthy,Christopherbury,Other,2,234.2
U007554,Jeffrey Williams,Port April,Other,2,233.52
U009484,Laura Larson,Grantmouth,Male,2,231.84
U005694,Anthony Miller,Pughton,Male,2,231.62
U005661,Vanessa Lopez,Jacquelineview,Female,2,231.6
U004121,Mary Monroe,Jamesport,Male,2,231.42
U003009,Robert Conrad,Stevenport,Female,2,231.26
U003140,Ryan Walker,Pollardview,Female,2,231.26
U006713,Christopher French,Robertton,Female,2,230.42
U004439,Robin Gonzalez,Zimmermanmouth,Female,2,229.86
U005399,David Atkins,Hernandezbury,Female,2,229.32
U001909,Joshua Mckay,South Stevenport,Other,2,228.64
U003565,Deborah Robbins,Mcdanielhaven,Other,2,228.6
U003556,Alyssa Miranda,Mariastad,Male,4,228.3
U006298,Scott Steele,South Leviside,Other,2,228.24
U005412,Kevin Webster,Millerhaven,Other,2,228.06
U007033,Michael Fry,Ricehaven,Other,2,227.82
U005708,Heather Daniel,East Lisa,Other,2,227.68
U000166,Clarence Davidson,Meganshire,Other,2,227.34
U006604,David Lopez,Thomasberg,Female,6,227.18
U002478,Teresa Edwards,North Robertmouth,Male,2,227.14
U000263,Patricia Farmer,North Sarahburgh,Other,2,226.4
U009954,Harry Nguyen,Port Jamesland,Male,2,226.28
U007434,Devin Nelson,Williamsfurt,Other,4,226.26
U004669,Sylvia Jacobs,Joseland,Male,2,225.14
U004012,Debra Mcdonald,Johnmouth,Other,2,224.44
U002283,Thomas Scott,Amyland,Male,2,223.98
U003553,Robert Mitchell,Terryshire,Other,2,223.22
U003761,Jean Gutierrez,Port Megan,Male,2,222.84
U003815,Nathan Lewis,Port Ronald,Female,2,222.24
U008036,Jeffrey Martin,West Cathytown,Female,2,221.76
U009373,Jacob Long,Hortonhaven,Female,2,221.6
U005555,Robert Ramirez,Christinashire,Female,2,221.44
U001881,Edward Stewart,Lake Ricky,Male,2,221.42
U000190,Matthew Gibson,Nelsonville,Other,2,221.2
U005510,Nancy Rich,Jasonbury,Other,2,221.1
U006351,Jennifer Ferguson,North Robinfort,Female,4,220.86
U007444,James Bush,Michaelberg,Other,2,220.08
U002740,Kathleen Robbins,Eddiebury,Other,2,220.02
U009130,Laura Hoffman,Cynthiaborough,Other,2,219.82
U002783,Benjamin Walker,East Michaelstad,Female,2,219.1
U000721,Daniel Black,Lake Ronald,Male,2,219.06
U008140,Daniel Everett,New Meganstad,Female,2,218.82
U002421,Jake Kelly,New Mike,Male,2,218.6
U000137,Kristen Young,West Erika,Female,2,218.32
U002648,Mitchell Hernandez,Jamieville,Other,2,217.6
U001731,Stephanie Stevens,New Frank,Female,2,217.14
U001145,David Thomas,Barkerbury,Male,2,217.0
U000487,Matthew Brock,East Amy,Male,2,216.88
U005288,Mary Armstrong,Sarahburgh,Female,2,216.88
U000906,Joseph Stephens,New Oliviachester,Female,2,216.36
U007364,Donald Flores,Lake Kennethstad,Male,2,216.36
U000605,Nathan Roberts,Lake Amanda,Other,2,215.38
U007620,Eric Townsend,Port Joshua,Female,2,215.32
U004495,Michael Harris,Mitchellberg,Female,2,214.84
U007686,Beverly Beasley,Port Alexander,Female,2,214.76
U006230,Adam Wilson,Richardsonbury,Female,2,214.24
U000853,Heather Davis,Evansberg,Male,2,214.0
U007798,Susan Jones,Pamelafort,Female,2,213.98
U004265,Henry Smith,Cathyshire,Male,2,213.34
U007591,Donald Parker,Duncanmouth,Other,2,211.5
U006864,Scott Barber,North Coryhaven,Other,2,211.44
U003904,Heather Adams,West Jenniferstad,Other,2,211.32
U004547,Anthony Bryant,East Coltonfurt,Male,2,211.08
U003588,Angela Bryant,Edwardport,Other,2,210.96
U002204,Michael Jones,South Tylerville,Male,4,210.72
U003551,Douglas Wright,South Scottville,Female,2,210.7
U004458,Debra Johnson,Frankfurt,Male,2,210.48
U006870,Becky Rogers,South Robertmouth,Other,2,209.08
U007816,Alex Ward,North Michael,Female,2,209.08
U000971,Marc Hall,North Ann,Other,2,208.88
U004093,Jessica Garza,Melodytown,Female,2,208.76
U009770,Christina Smith,New Matthew,Male,2,208.54
U008314,Elizabeth Carter,South Zachary,Other,2,208.18
U005522,Jeffrey Thompson,South Dwayne,Other,2,208.08
U000046,Jennifer Wagner,Greenbury,Male,2,208.04
U006488,Chelsea Ramos,Alexandraland,Other,2,207.08
U003194,Tara Lewis,New Loristad,Female,2,207.02
U002067,Alexander Shea,North Roberttown,Female,2,206.94
U004753,Michelle Neal,Zamorahaven,Female,2,206.86
U003770,Mary Mason,Goodmanbury,Male,2,206.7
U008807,Zachary Colon,Meyerville,Other,2,206.7
U009283,Dennis Garcia,Sherrybury,Female,2,206.44
U000149,Sherry Johnson,Sarahhaven,Female,2,205.68
U001837,Ronald Ewing,West Leroy,Male,2,205.44
U002679,Sophia Green,North Jackburgh,Female,2,205.12
U004105,Douglas Lang,Parkershire,Female,4,204.32
U009437,Kendra Torres,Lake Joseland,Male,2,203.94
U000625,Michael Montoya,East Davidberg,Male,2,203.8
U003810,Kathy Vazquez,Thomashaven,Male,2,201.52
U009224,Tracy Castro,Kennethfort,Male,2,201.52
U007749,Roy Bates,Lake Amy,Other,2,201.3
U008796,Nathan Herrera,Christopherchester,Other,2,201.26
U009992,Timothy Wells,Port Christineshire,Male,2,201.24
U006474,Erica Hill,Moralesville,Other,2,200.66
U003148,Michelle Holland,Simpsontown,Other,2,200.6
U009485,Donald Smith,West Kevin,Female,2,200.48
U003288,Stephanie Gentry,Port Edward,Other,2,200.16
U002779,Alexander Yates,New Christopherbury,Female,2,200.12
U006716,Matthew Campbell,Susanmouth,Female,2,198.7
U008759,Edward Valdez,Randallland,Other,4,198.08
U005560,Daniel Glass,Vanessafurt,Male,2,197.64
U000753,Christopher Armstrong,Rosariobury,Other,2,197.62
U006208,James Brown,Jonesview,Female,2,197.12
U001260,Christopher Hayes,New Brianstad,Female,2,196.94
U003507,Morgan Lewis,East James,Female,2,196.6
U006124,Mary Mitchell,South Joseph,Other,2,195.64
U002299,Nicholas Stevenson,East Michael,Female,2,195.56
U005193,Ebony Dawson,East Charlesland,Male,2,195.56
U001489,Pamela Nguyen,Perezside,Male,2,195.38
U007482,Heather Wade,Jamesfurt,Male,4,195.3
U008790,Aaron Tucker,East Francisco,Female,2,195.26
U006390,Cynthia Robles,Danielton,Other,2,195.14
U006703,Andrew Gilbert,Patriciaside,Male,2,195.14
U008006,John Kelly,Scottfort,Female,2,195.14
U006192,Nicole Anderson,New Tammyberg,Male,2,194.94
U008716,Ryan Cooper,North Michael,Male,2,194.58
U003641,Michael Gonzales,South Jamestown,Female,2,194.56
U003157,Barbara Meyers,Grahamfort,Male,2,194.48
U001551,Kristen Sullivan,Claytonside,Male,2,193.94
U005538,Jake Payne,Smithshire,Other,4,193.6
U006905,Lynn Nunez,Mcculloughbury,Male,2,193.52
U002149,Diane Brooks,East Stephen,Female,2,193.5
U004502,Robert Le,Patrickhaven,Female,2,193.5
U000397,Lawrence Floyd,Nataliemouth,Other,2,193.12
U008258,Shaun Robinson,Michaelchester,Male,2,193.12
U006261,Robert Day,Maddoxmouth,Female,2,191.96
U001057,Antonio Barber,East Arianashire,Other,2,191.88
U007828,Jose Mendoza,Taylortown,Female,2,191.64
U009924,Shannon Malone,Wagnerhaven,Male,2,191.62
U004094,Jason Vazquez,Port Charlesfurt,Female,2,191.54
U005943,Dominic Green,Sherrychester,Other,2,191.32
U005071,Nicole Chavez,Waltersborough,Male,2,190.92
U007338,Erik Gomez,North Maryville,Female,2,190.04
U003616,Seth Smith,North Thomas,Other,2,189.9
U005208,William Lane,Stuartbury,Other,2,189.42
U001295,Joanna Farmer,Lake Coltonland,Male,2,189.32
U000875,Michael Smith,Gonzalezhaven,Other,2,188.7
U005653,Heather Johnson,West Michael,Male,2,187.68
U000451,Laura Kelley,East Jennifer,Other,2,187.24
U005084,Donald Sims,East Nathan,Other,2,186.98
U003471,John Mckenzie,North Gary,Male,2,186.42
U004148,Savannah Ruiz,North Steven,Male,2,186.18
U003073,Michael Martinez,Port Sarah,Female,2,184.96
U003753,Marcus Peterson,Griffintown,Other,2,183.68
U003156,Rebecca Gonzalez,Port Brian,Female,2,182.8
U005302,Jessica Hughes,Hendersonside,Other,2,180.74
U003415,Daniel Rodriguez,Matthewfort,Female,2,180.42
U002685,Richard Morris,New Jenniferfort,Male,2,180.38
U001462,Julie Davenport,Dawnborough,Male,2,178.16
U008673,Vanessa Colon,New Jerryside,Male,2,177.92
U003212,Veronica Stuart,Markfurt,Male,2,177.12
U007774,Janice Hampton,Williamsstad,Male,2,176.68
U004868,Christopher Patterson,Jonesland,Female,2,174.96
U000533,Christian Livingston,Davisport,Male,2,174.92
U002460,Jacob Hawkins,Davidmouth,Female,2,174.92
U004064,Jennifer Williams,Mallorymouth,Female,2,174.12
U005255,Kari Reese,Lake Jamesborough,Other,2,173.5
U007906,Jeffrey Wood,Jacquelineport,Other,2,172.96
U006708,Travis Taylor,Woodsview,Other,4,172.62
U005320,Christopher Morgan,Christopherfurt,Male,2,171.56
U001460,Francis Peterson,Anthonyfurt,Male,2,170.4
U006235,Kristin Willis,Amyside,Female,2,170.4
U006993,Larry White,Blakemouth,Female,2,170.4
U003485,Juan Jones,Warrenburgh,Other,2,169.94
U001097,Joe Murray,North Ronaldland,Male,2,169.72
U005877,Jillian Duncan,South Sarah,Male,2,169.6
U001114,Thomas Golden,Lake Jill,Female,2,169.58
U005800,Cassandra Ryan,Port Jeffreychester,Female,2,169.58
U005276,Matthew Garcia,Thomastown,Other,2,169.58
U000958,Cynthia Strickland,New Mary,Male,2,169.32
U006397,David Ball,North Heather,Other,2,169.3
U000267,Robert Anderson,West Michaelport,Male,2,169.0
U005835,Sonya Blake,West James,Male,2,168.96
U005967,Jeffrey Campbell,Millerhaven,Male,2,168.96
U000232,Dustin Jackson,Sherylfort,Other,2,167.44
U007247,Kimberly Evans,North Jennifer,Other,2,167.2
U007091,Katie Bishop,South John,Male,2,167.2
U009449,Steven Harper,East Edward,Male,4,166.92
U007314,Paul Brown,South Christinechester,Male,2,166.68
U009971,Tanya Wagner,Petersview,Female,2,166.26
U000539,Sarah Andrews,Angelamouth,Female,2,166.22
U001245,Regina Graves,East Clarencefurt,Other,2,165.92
U002020,Theresa Rodriguez,East Lawrence,Male,2,164.08
U000782,Angela Harrison,South Kayla,Male,2,163.76
U002147,Robert Chambers,Mccoyburgh,Male,2,163.36
U007574,Lisa Rodriguez,West Bryanbury,Female,2,162.98
U000983,Dan Clark,Port William,Female,2,162.32
U000503,Bobby Forbes,Blackton,Male,2,161.32
U002621,Pedro Haley,North Victoriaborough,Other,2,161.12
U008526,Ronald Gross,Lauratown,Female,2,160.66
U009875,Loretta Gonzales,Port David,Male,2,159.84
U005118,Christopher Kemp,Vincentview,Female,2,159.2
U003124,Wesley Grimes,South Jose,Female,2,158.72
U009725,Joseph Thompson,Margaretport,Female,2,158.7
U007963,Stephanie Mcbride,South Sara,Other,2,158.34
U008939,John Meyer,Lindsaystad,Male,2,158.18
U008605,Ralph Coleman,Joshuaberg,Male,2,156.72
U008240,Jerry Warner,North Shawnbury,Other,2,156.6
U001269,Nicholas Henry,Torresport,Other,2,156.22
U005847,Michael Robinson,Tonyfurt,Female,2,156.22
U005392,Danielle Nelson,North Gabrielside,Other,2,155.98
U001455,Ruben Murphy,Garyport,Other,2,155.68
U009537,Marco Ruiz,Garciaton,Female,2,155.28
U003864,Christine Morrison,Thompsonton,Male,2,154.92
U003900,Angela Miranda,Cynthiaview,Male,2,154.92
U003326,Cynthia Rodriguez,New Daniel,Male,4,154.16
U000066,David Williams,Garciatown,Male,2,154.12
U002485,Elizabeth Leblanc,Halechester,Female,2,153.18
U008975,Eric Stark,West Catherinemouth,Male,2,152.06
U007679,David Webb,Mooremouth,Female,2,151.86
U007900,Cody Lindsey,Goodmanborough,Other,2,151.62
U004388,Heidi Brooks,Rogertown,Other,2,150.24
U007440,Barry Hickman,South Kristinemouth,Male,2,150.2
U001491,Veronica Dunn,North Jonathanshire,Female,2,150.08
U005787,Michelle Hamilton,Port Kimberly,Other,2,149.92
U005157,Robert Brown,Kimport,Female,2,149.32
U002855,Mary Erickson,West Wesleyside,Other,2,148.64
U007463,Kevin Conley,Wilsonborough,Male,2,148.12
U002862,Tyler Lawson,North Jeanne,Other,2,147.28
U002527,Robert Rogers,North Ryanfort,Male,2,147.12
U005957,Ann Harrison,Carloston,Male,2,147.12
U005856,Monica Luna,North Melissaburgh,Other,2,146.86
U000553,Crystal Lane,West Toddberg,Other,2,146.62
U005284,Dennis Williams,New Walterburgh,Other,2,146.62
U006237,Carolyn Scott,Morrisfort,Female,2,145.74
U002866,William Lane,Peterville,Other,2,145.68
U001172,Kevin Marquez,Micheleview,Female,2,145.46
U001101,Jason Rivera,West Robertberg,Male,2,145.38
U009314,Joseph Jennings,South Kelly,Male,2,144.98
U007956,Julia Thomas,Joanneview,Other,2,144.9
U000803,Marcus Smith,Lake Lisastad,Other,2,144.66
U005923,Pamela Castillo,Port Emma,Male,2,144.0
U004744,Nancy Lopez,Payneburgh,Female,2,143.82
U000642,Daniel Leonard,South Joseshire,Male,2,143.72
U000106,Tracey Huerta,West Kristybury,Female,2,143.44
U008792,Kathleen Kim,East Barbaraside,Male,2,143.44
U000879,James Mendoza,West Karen,Female,2,143.18
U006662,Lindsey Moore,New Barbaraview,Other,2,143.02
U009641,Emma Price,Carmenburgh,Other,2,142.8
U000200,Isabella Weaver,West Robertberg,Male,2,142.58
U004531,Gavin Jennings,Glennstad,Male,2,142.58
U000976,Michael Miller,Snyderville,Female,2,142.3
U007100,Philip Austin,New Calvin,Male,2,142.02
U000215,Angela Silva,South Ashley,Male,2,141.36
U007841,Jennifer Mathews,East James,Female,2,141.36
U004104,Kent Simpson,Port Stevenstad,Male,2,140.98
U004637,Christine Perry,East Stacy,Female,2,140.78
U005902,Edward Morgan,North Michaelbury,Female,2,140.66
U006008,Brittany Bennett,Lake Elaine,Male,2,140.64
U003840,Jaime Kelley,West Rachel,Other,2,140.4
U002912,Elizabeth Cunningham,North Christopher,Male,2,140.2
U002768,Aaron Little,Mooreborough,Other,2,139.36
U005602,Emily Jones,Amandahaven,Male,2,139.36
U005584,Paula Reynolds,Maynardton,Other,2,139.14
U003254,Daniel Owens,Lopezside,Female,2,139.08
U003847,Eric Wright,Gonzaleschester,Female,2,138.84
U003307,Jerry Valencia,Port Matthewtown,Other,4,138.38
U005680,Jim Holland,New Seanberg,Female,2,137.38
U001724,Mariah Lopez,Sarahland,Male,2,137.34
U005168,Catherine Lopez,Myersview,Female,2,136.78
U000172,Christopher Long,Brandonport,Female,2,136.74
U004840,Jennifer Wilson,South Wayne,Female,2,136.74
U003467,Kevin Williams,New Anthony,Female,2,136.68
U005617,Madison Hill,Dominiqueland,Male,2,136.66
U007201,Caleb Dawson,New Angelton,Male,2,136.66
U002669,Jennifer Acosta,Abigailtown,Female,2,135.14
U008083,Ryan Young,Lake Molly,Male,2,135.14
U003310,Zachary Alexander,Harmonmouth,Female,2,135.04
U007251,David Heath,East Tarabury,Male,2,134.84
U009673,Kathryn Carter,Port Shannon,Female,4,134.32
U007553,Jeanne Munoz,Angelaborough,Female,2,134.16
U000936,Melissa Roberts,Sawyerland,Male,2,133.96
U008810,Nicole Johnson,Maryfurt,Female,2,133.96
U007432,Jessica Savage,East Elizabeth,Female,2,133.96
U009174,Jared Perez,Baileychester,Male,2,133.94
U005481,Thomas Williams,South Richard,Female,2,133.5
U006134,Alexander Stein,North Chelsea,Male,2,132.9
U009482,Joshua Myers,North Tylerport,Female,2,132.66
U005332,Jennifer Ruiz,Jeffreyville,Other,2,132.48
U003164,Matthew Steele,Kirkstad,Female,2,132.22
U001840,Jennifer White,Craigchester,Male,2,131.82
U000597,Matthew Randolph,Harveystad,Female,4,131.8
U002690,Sarah Hall,North Rickymouth,Female,2,131.12
U000425,Michael Richmond,West Gregoryhaven,Male,2,130.62
U009662,Tami Norris,Jasonport,Male,2,130.62
U007781,Douglas Smith,Elizabethfurt,Male,2,130.12
U008678,Ryan Rios,Fritzfurt,Male,2,130.0
U002730,Melissa Molina,Robinville,Male,2,129.68
U002337,Sandra English,Frostfurt,Other,2,128.92
U005448,Michael Donaldson,Fletcherburgh,Male,2,128.6
U002776,Emily Smith,Stephanieport,Female,2,128.44
U007146,Thomas Anderson,Johnsonmouth,Male,2,128.24
U002721,Jessica Douglas,Michaelview,Male,2,127.92
U005855,Michael Mathews,Port Nancybury,Male,2,127.92
U000297,Christina Holland,North Joshuaberg,Male,2,127.42
U005446,John Matthews,East Louis,Female,2,126.76
U005213,Vicki Chavez,East Mary,Male,2,126.66
U006759,Marissa Herrera,West Frank,Male,2,126.42
U004799,Elijah Moore,Troybury,Male,2,125.24
U006676,Mark Bradley,West Joshua,Male,2,125.24
U006979,John Lewis,West Cherylmouth,Male,2,124.94
U006005,Vanessa Anderson,Cassandraville,Female,2,124.38
U008780,Lauren Jackson,Carlsonberg,Female,2,123.9
U006894,Laurie Stephens,Rosstown,Other,2,123.8
U003917,Edgar Allen,Lake Jared,Female,2,123.72
U006753,Shawn Hammond,West Matthewport,Male,2,123.72
U007753,Michael Brooks,Port Nicoleville,Female,4,123.4
U005331,David Burton,North Joshua,Female,2,123.24
U000644,Brandy Hubbard,Bellbury,Other,2,123.18
U002791,Christina Gross,West Jessica,Male,2,123.18
U001473,William Mayo,South Amy,Other,2,122.78
U009152,Holly Williams,Tiffanyberg,Female,2,122.42
U003100,Edward Hernandez,Sabrinabury,Male,2,122.22
U001526,Nicole Martinez,Lake Carolhaven,Male,2,121.7
U004664,James Jimenez,East Dustin,Male,2,121.26
U003694,Robert Sanders,South Danielberg,Male,2,121.16
U004238,Kyle Mcknight,Alyssaland,Male,2,121.08
U004244,Barbara Cruz,New Paige,Male,2,120.58
U008251,Julie Martinez,Lake William,Female,2,120.22
U001205,Natalie Blackburn,South Brandon,Male,2,119.94
U003387,Charles Walton,Davidsonchester,Female,2,119.94
U004638,Tina Hill,Monicaland,Female,2,119.94
U007744,Erica Ware,East Tommyborough,Female,2,119.94
U001858,Frank Briggs,Jessicaburgh,Female,2,119.82
U007208,Candace York,Martinstad,Male,4,118.62
U001424,Patrick Foster,South Ashley,Female,2,118.5
U006490,Alec Estrada,Saraburgh,Male,2,118.5
U006366,Tammy Gonzalez,Catherineton,Male,2,118.3
U006280,Kevin Mendez,Hancockfort,Male,2,117.9
U003711,Claudia Vasquez,South Joshuafurt,Male,4,117.32
U008561,Melissa Howard,Kennethbury,Other,2,116.4
U007891,Rebecca Young,Lake Amyfort,Female,2,116.3
U008542,Stephen Navarro,North Kevin,Male,2,115.3
U006922,Jerry York,Andersonfort,Other,2,115.04
U000235,Tanya Carter,Nicholasfurt,Male,2,114.86
U006568,Brian Delgado,Lake Jeffrey,Other,2,114.84
U004361,Andrew Shaffer,South Robertport,Male,2,114.72
U001836,Kathryn Crawford,South Lisafurt,Male,2,114.54
U002603,Nancy Andrews,East Bryanmouth,Other,2,114.36
U007256,Michael May,Lake Amy,Male,2,114.36
U005632,Jessica Williams,Andrewmouth,Other,2,113.88
U000701,Robert Stewart,South Cindystad,Male,2,113.74
U005437,Matthew Stevens,New Troymouth,Female,2,113.74
U008053,Richard Cole,Webbberg,Female,2,113.74
U007656,Taylor Jackson,Justinfort,Other,2,113.58
U001954,William Greene,Lake Adrianmouth,Female,2,113.14
U007244,Kyle Clarke,Gonzalezport,Male,2,112.88
U002372,Anthony Miller,Port Raymond,Other,2,112.52
U003676,Clinton Noble,Harrisfurt,Other,2,112.36
U004008,Bruce Reed,Caldwellchester,Male,2,112.36
U005336,Eugene Hamilton,Port Jaclynmouth,Female,2,112.2
U009175,Holly Hunter,Lewisview,Female,2,112.16
U009208,Rachel Kelley,Tinashire,Female,2,112.08
U000608,Richard Porter,Lake Amyhaven,Female,2,111.52
U002913,George Santana,Adamsmouth,Other,2,111.18
U003055,Arthur Smith,Clarkberg,Other,2,110.88
U008282,Andrew Golden,Martinhaven,Male,2,110.7
U007401,David Sweeney,Lake Robert,Male,2,110.5
U000313,Ryan Valdez,East Robert,Female,2,110.28
U005797,Nicholas Quinn,Johnsonchester,Female,2,109.66
U008015,Jennifer Banks,Perkinsfurt,Female,2,109.48
U009330,Howard Brooks,Burnsburgh,Female,2,109.22
U001368,Anthony Haynes,Barkerstad,Female,2,109.1
U006276,Tyrone Rodriguez,East Kathleen,Other,2,108.92
U001803,Alyssa Kelly,Davisside,Male,2,108.72
U006908,Steve Phillips,New Kathleenton,Female,4,108.54
U004295,Andrew Arnold,New Maureen,Other,2,108.02
U004508,Matthew Bradford,North Karla,Female,2,108.02
U007195,Alicia Roberts,Lake Robertafort,Female,2,108.02
U004087,Robin Castillo,South Shannonland,Other,2,107.6
U005266,Heather Pruitt,East Williamborough,Other,2,107.6
U001991,Christopher Cunningham,North Samuel,Other,2,106.52
U004445,Heidi Bailey,East Dawn,Female,2,106.52
U002956,Lawrence Pittman,Gutierrezside,Male,4,106.38
U004262,Ricky Beltran,Graytown,Male,2,106.38
U007301,Bradley Jackson,Lindahaven,Other,2,106.38
U008320,Wendy Zimmerman,South Andrea,Male,2,106.32
U004423,Karen Barnes,Allenstad,Female,2,105.98
U004803,Katelyn Phillips,Taraberg,Male,2,105.86
U006772,Brett Pennington,Leblancville,Male,2,105.86
U004125,Dalton Johnston,Nunezside,Female,2,105.66
U000555,Joanne Hopkins,Port Alison,Other,2,105.06
U005425,Sean Little,Wrightville,Other,2,104.82
U000985,Gina Lynn,East Allenmouth,Male,2,104.66
U004572,Grace Weber,Heatherborough,Female,2,104.52
U002432,Thomas Bennett,Russellton,Other,2,104.36
U005091,John Lucas,Port Veronicamouth,Male,2,104.28
U005123,William Chambers,Stephanieburgh,Male,2,104.28
U005350,Leonard Lewis,West Rodneyland,Female,2,104.28
U006168,Andrew Walsh,East David,Other,2,104.2
U007077,Robert Rodriguez,Stricklandside,Male,2,104.0
U009598,Debra Leonard,East Ian,Male,2,103.9
U008690,Tyler Garcia,Jamestown,Female,2,103.6
U003992,Christopher Khan,North Lisa,Female,2,103.04
U008233,William Collins,Sherylborough,Male,2,102.92
U008394,Bryan Wilson,Thompsonport,Other,2,102.92
U009712,Diane Green,Brandonborough,Female,2,102.36
U008538,Nicolas Carter,Maldonadochester,Male,2,102.08
U000634,Leah Crosby,Millsland,Other,2,101.62
U000385,Amber Campbell,West Rachelborough,Female,2,100.4
U003486,Robert Burns,Hayesfort,Male,2,100.34
U000390,Daniel Buchanan,Shorttown,Female,2,100.3
U000921,Warren Fletcher,Spenceberg,Other,2,100.26
U003006,Austin Vazquez,Nancyville,Other,2,100.24
U008562,Nicole Levy,South Carolside,Female,2,100.02
U009794,Ricky Harris,Josephville,Female,2,100.02
U003234,Courtney Sutton,Caseyland,Other,2,100.02
U008359,Katherine Johnson,Gloriaview,Female,2,99.74
U003432,Erica Park,Sotobury,Female,2,99.68
U007292,Christy Irwin,North Davidton,Male,2,99.68
U009567,Christina Leach,Rebekahhaven,Male,2,99.32
U000732,Maria Combs,Richardton,Female,2,99.18
U005850,Daniel Lopez,Port Michaelchester,Male,2,97.84
U001893,Ryan Ortiz,Lake Evan,Female,2,97.48
U008962,Michael Gray,South Katietown,Other,2,97.44
U002617,Linda Williams,Alexanderstad,Male,2,97.28
U007261,Christine Moon,West Anita,Male,2,96.84
U006975,John Vincent,North Christineville,Male,2,96.4
U002821,Tammy Burgess,North Emilyside,Female,2,95.92
U007141,Mark Cowan,Port Amy,Other,2,95.82
U008979,Heather Gonzalez,Wilsonmouth,Female,2,95.5
U008659,Corey Johnson,Port Jaketon,Female,2,95.1
U005628,Katie Ayala,East Lisaborough,Female,2,93.78
U000532,Janet Vance,Lake Katherine,Female,2,93.74
U008797,Alexis Taylor,Shannonbury,Male,2,93.62
U008985,Melinda Little,Brandyport,Other,2,93.18
U001552,Nicholas Russell,Stokesville,Other,2,93.0
U005066,Kevin Keith,Garyhaven,Male,2,92.72
U004569,Nicole Rivera,East Jennifer,Female,2,91.32
U000273,Sarah Anderson,Bestland,Other,2,91.1
U003050,Cassandra Gilbert,Kristinport,Female,2,90.2
U009323,Wayne Clark,Thompsonport,Female,2,90.2
U001775,Suzanne Collins,Lake Karen,Other,2,88.92
U006983,Matthew Romero,South Steven,Female,2,88.84
U005367,Audrey Williamson,East Jennifer,Female,2,88.8
U009492,John Richmond,Tiffanyton,Other,2,88.8
U006125,Spencer Mclean,South Charlesbury,Other,2,88.76
U007874,Robin Smith,Kirkbury,Other,2,88.76
U007583,Darin Sloan,Port Elizabethton,Male,2,88.66
U003870,Jay Jenkins,Deborahview,Other,2,88.46
U008767,Mariah Walton,Lauraborough,Female,2,87.7
U009043,Douglas Robinson,New Feliciaburgh,Other,2,87.28
U005211,Amanda Hill,North Elizabethside,Female,2,86.8
U008017,Cynthia Gonzales,Mcdonaldfurt,Other,2,86.7
U008924,Anthony Soto,Holtberg,Female,2,86.7
U000180,Stacy Rodriguez,South Warren,Male,2,86.7
U004933,Richard Ruiz,Schmidtport,Other,2,86.26
U006426,Shannon Hansen,Huntstad,Male,2,86.26
U003626,Michele Walker,Floreschester,Male,2,85.82
U001202,Jeffrey Simmons,Patriciashire,Female,2,84.96
U009338,Bryan Conrad,Lake Sherryland,Female,2,84.96
U000437,Oscar Thomas,Taylorhaven,Female,2,84.38
U001107,Douglas Alvarez,New Lindsay,Female,2,84.3
U004614,Dana Johnson,Barryton,Other,2,84.3
U007561,Kelly Evans,Sethburgh,Male,2,84.3
U001440,Sarah Bauer,Lake Eric,Female,2,84.3
U005357,Jennifer Osborne,Bauermouth,Other,2,83.68
U006367,Alyssa Pugh,North Michellehaven,Other,2,83.32
U000156,Stacy Johnson,Hinesshire,Other,2,83.14
U002312,Craig Perez,East John,Male,2,83.1
U002383,Shannon Bright,East Julia,Male,2,83.08
U001010,Connor Roberts,Lake Jamieberg,Female,2,82.88
U004042,Chad Walker,Evanschester,Other,2,82.84
U004172,Susan Jones,Lake Stephaniebury,Male,2,82.3
U001266,Donald Horne,Brianfort,Male,2,81.68
U006220,Heather Miller,North Jeremy,Female,2,81.58
U003931,Rebecca Davis,Matthewbury,Female,2,81.4
U002725,Ashley Watson,South Amanda,Male,2,81.08
U002936,Kevin Wright,Joneschester,Female,2,81.08
U007144,Danny Powell,Lake Vincent,Female,2,80.94
U004990,Brandon Bates,Port Ronaldburgh,Female,2,80.76
U005585,Jonathan Wilson,Port Latasha,Female,2,80.56
U003622,Shaun Cannon,Port Marcus,Female,2,80.48
U007573,Brittney Martin,Manningchester,Other,2,79.74
U004187,Alexander Pope,Bradleyport,Other,2,78.68
U006071,Wayne Gonzales,Jimmyside,Male,2,78.04
U006436,Alyssa Nelson,Rossborough,Other,2,78.04
U006865,Jennifer Marshall,Jamesshire,Male,2,78.04
U009131,Deborah Nelson,Hunterfurt,Other,4,77.7
U006020,Charles Miller,East Caitlin,Other,2,77.6
U006833,Spencer Wilson,Lake Ryan,Male,2,77.16
U000856,David Anderson,North Tinahaven,Other,2,77.08
U003983,Tina White,South Barbaraland,Male,2,76.64
U004999,Jose Murphy,Lawrenceshire,Other,2,76.36
U005512,Rachel Frazier,West Paulachester,Male,2,75.8
U003268,Amanda Wu,Markfurt,Female,2,74.44
U006437,Diana Lopez,South Ericborough,Other,2,74.28
U000824,Robert Butler,Lake Dennis,Male,2,74.06
U000672,Sarah Wilcox,Port Lisa,Female,2,73.9
U002436,John Williams,North Rebeccamouth,Other,2,73.84
U003223,Henry Jensen,West Sheritown,Female,2,73.84
U005431,Joseph Lam,Annetteshire,Other,2,73.44
U005859,Jonathan Ray,Jessicaborough,Male,2,73.04
U003543,Linda Trujillo,North William,Female,2,72.84
U006459,Tiffany Reed,South Crystal,Female,2,72.72
U003344,Mary Santana,Lake Richard,Male,2,72.68
U007496,Christopher Jackson,Ashleyville,Male,2,72.4
U007500,Juan Holmes,Larsonborough,Male,2,72.4
U009495,Gary Martin,East Carlstad,Male,2,72.32
U006949,Marc Williamson,Port Douglas,Female,2,70.48
U004675,Melinda Miller,East Shawn,Female,2,70.44
U007879,Ian Lindsey,Lake Melissaton,Other,2,69.56
U001695,Paul Goodwin,West Tonya,Female,2,68.26
U003699,Brian Campbell,Lake Jamestown,Other,2,68.2
U006126,Scott Garcia,Port Jeffrey,Other,2,67.86
U000891,Jennifer Snow,South Roberthaven,Other,2,67.16
U006820,Justin Brennan,Port Eric,Male,2,67.16
U000303,Lisa Waller,New Jeffery,Other,2,66.34
U000342,Rebecca Ellis,Crystalburgh,Female,2,66.12
U005058,Alexis Graham,Cindyland,Male,2,66.04
U009051,David Washington,Port Waynetown,Other,2,66.04
U003890,Theodore James,Lake Kimmouth,Male,2,65.76
U006225,Jesus Kaufman,Schmidtborough,Other,2,65.56
U007783,Jason Kim,Jamesport,Other,2,65.46
U005164,Paul Lester,Hoffmanborough,Male,4,64.8
U006496,Mary Hayes,Lanebury,Female,2,64.5
U007443,Mary White,New Elizabethborough,Female,2,64.32
U003528,Brenda Jacobs,East Matthewchester,Other,2,64.22
U008916,Clayton Pratt,Lake Amyfurt,Male,2,64.22
U008731,Joan Santana,Stevenburgh,Other,2,64.12
U005121,Crystal Stokes,West Steven,Other,2,64.04
U002177,Michael Smith,Greenfurt,Male,2,62.94
U002431,Donna Allison,Michaelshire,Other,2,62.88
U007012,Carol Thompson,Toddmouth,Female,2,62.78
U000588,Todd Zamora,Brooksmouth,Other,2,62.7
U002697,Albert Ramirez,Port Christopher,Male,2,62.34
U009552,Jennifer Allen,Shawmouth,Male,2,62.1
U000086,Tammy Rivera,Smithberg,Female,2,61.62
U001074,Linda Garner,Joshuahaven,Other,2,61.54
U004830,Sean Rodriguez,Jonport,Female,2,61.52
U002897,James Moore,Cherryside,Female,2,60.2
U007228,Alexandria Hall,South Marialand,Other,2,60.18
U009561,Mason Holmes,Alexandrastad,Other,2,59.8
U002882,Michael Richardson,North Robertfort,Male,2,59.74
U008541,Jill Nguyen,Millerchester,Female,2,59.24
U003399,Kristen Quinn,Jamesside,Female,2,59.06
U008639,Monica Johnson,Port Benjamin,Other,2,59.04
U004708,Jeffrey Rice,Lake Christophertown,Male,2,58.82
U001626,Brittney Davis,North Jared,Female,2,58.68
U005387,Sarah Collins,Port Stephanie,Other,2,58.68
U008706,Shaun Harris,Lake Kevinhaven,Female,2,58.68
U009946,Damon Hogan,West Mark,Male,2,58.48
U003508,Justin Adams,Monicaberg,Female,2,57.54
U005253,Kenneth Mays,Rickeystad,Other,2,57.54
U002334,Thomas Wade,Amandaville,Other,2,57.04
U005442,Scott Mosley,Hannahside,Female,2,57.04
U000931,Ashley Gamble,South Clintonmouth,Female,2,57.02
U006243,Hannah Castillo,New Douglasbury,Male,2,56.98
U008825,Melissa Jimenez,Gayberg,Other,2,56.82
U005281,Julia Barnett,North Janiceburgh,Female,2,56.74
U004630,Jason Shaw,Lake Michaelshire,Other,2,56.08
U000651,Kathryn White,Lewismouth,Other,2,55.62
U009642,Steve Ruiz,Thomashaven,Male,2,55.3
U008198,Joseph Huynh,Jessefurt,Female,2,54.16
U002111,Karen Henderson,Port Joshuachester,Female,2,54.14
U008255,Kimberly Townsend,South Zacharyfurt,Other,2,53.48
U000815,Sandra Larson,Torresport,Other,2,53.36
U002898,Kelly Perry,Lake Nicole,Male,2,52.48
U006054,Susan Hayes,Port Shawn,Female,2,52.42
U001353,Jessica Hernandez,Reynoldsmouth,Other,2,52.16
U006710,Jessica Caldwell,North Jasontown,Female,2,51.98
U002696,Lisa Hodges,Marshallchester,Other,2,51.94
U006546,Gregory Sandoval,Caseyton,Other,2,51.46
U006940,Holly White,Cannonland,Other,2,51.14
U009512,Maureen Mills,Port Cathy,Male,2,51.14
U005692,Melanie Price,Rachelville,Male,2,50.96
U003329,Tiffany Rodgers,Jacobstad,Male,2,50.82
U001568,Danielle Humphrey,Jacksonside,Male,2,50.64
U007762,Wendy Lynch,West Jessicashire,Male,2,50.2
U008768,Erica Flores,Gibsonhaven,Female,2,49.98
U003168,Alejandro Wilson,Laraview,Male,2,49.96
U005151,Tiffany Munoz,Samuelstad,Male,2,48.7
U009018,Kristina Rivera,South Robert,Male,2,48.68
U001606,Chad Robinson,East Mary,Female,2,48.44
U003672,Christina Smith,Jacobside,Male,2,48.22
U009034,Jonathan Byrd,Lake Jacob,Female,4,48.06
U008747,Barry Stewart,New John,Male,2,47.42
U001813,Lisa Perez,West Michaelfort,Other,2,47.08
U005383,Michelle Jackson,West Danielport,Male,2,46.82
U007903,Benjamin Brown,West David,Male,2,46.76
U006343,Kimberly Mercado,Jonesmouth,Female,2,46.74
U001043,Tammy Brown,Williamsborough,Other,2,46.56
U009390,Madison Briggs,Morrowborough,Male,2,45.1
U003458,Cindy Williams,Jordanfurt,Female,2,45.1
U000841,Daniel Smith,Frazierberg,Female,2,44.94
U000358,Megan Garcia,New Noah,Male,2,44.94
U001821,Crystal White,Jasonton,Male,2,44.94
U002013,Alexander Moss,Larryton,Other,2,44.8
U004020,Richard Anderson,East Michaelton,Female,2,44.72
U005141,Elizabeth Brown,Lake Monicashire,Other,2,44.72
U000099,Krystal Smith,Brendastad,Female,2,44.5
U003654,Jill Jones,North Lori,Other,2,44.5
U009760,Angela Nicholson,Douglasbury,Other,2,44.5
U007311,Diana Larson,Millerchester,Male,2,44.32
U009024,Dawn Alexander,Thomasport,Other,2,44.22
U004158,Brandy Rodgers,Lake Misty,Female,2,43.84
U000636,Megan Powell,Katelynfurt,Male,2,43.48
U001095,Thomas Sharp,Joyberg,Other,2,43.48
U009009,Autumn Bailey,Moodyfurt,Other,2,43.42
U008869,Shawn Kane,South Craig,Female,2,43.04
U009568,Anthony Suarez,East Jessica,Other,2,43.04
U004776,David Cox,Lake Jameshaven,Female,2,42.92
U003456,Mike Miller,South Lindashire,Other,2,42.76
U003187,David Robertson,Carlsonton,Male,2,42.6
U000889,Patrick Eaton,East Janet,Other,2,42.2
U009316,Debra Simmons,Reynoldsmouth,Female,2,42.2
U000767,Charles Johnson,Bradleytown,Female,2,41.88
U005776,Edward George,North Madisonchester,Male,2,41.86
U007522,David Estrada,Marktown,Male,2,41.68
U003431,Kevin French,Davisside,Female,2,41.54
U009534,Jennifer Lopez,Freemanfort,Female,2,41.54
U009624,Brent Wong,New Christian,Male,2,41.48
U001471,Michael Weaver,Garyshire,Female,2,41.48
U002397,Lindsey Wright,Maddenview,Male,2,41.4
U000214,Leah Bowen,New Michelleberg,Other,2,40.62
U000687,Richard Holland,Rebeccaberg,Male,2,40.3
U009698,Jessica Fernandez,Garnerside,Other,2,40.3
U004582,Jim King,Liberg,Male,2,40.18
U001692,Timothy Simpson,Scotttown,Female,2,39.94
U007878,David Davis,Tomton,Other,2,39.54
U009705,Amber Johnson,Port Kaylaburgh,Other,2,39.54
U007952,Eric Weeks,South Morgan,Other,2,39.1
U000035,Patrick Williams,Loribury,Female,2,38.58
U007896,Christina Howe,Lopezville,Other,2,38.48
U000403,Billy Juarez,New Rebecca,Female,2,38.18
U008110,Ryan Curry,Abigailview,Other,2,38.18
U003263,Deanna Dixon,Ginamouth,Female,2,37.52
U007072,Michael Arellano,Port Kevin,Female,2,36.76
U000747,Julia Chang,East Tina,Other,2,36.62
U001058,Jessica Ryan,Hopkinshaven,Male,2,36.4
U008135,Mark Scott,Lake Donna,Other,2,36.0
U003306,Cole Gutierrez,Jimenezmouth,Other,2,35.92
U007102,Lisa Bennett,South Edwardberg,Female,2,35.92
U003046,Bonnie Craig,Littleton,Male,2,35.5
U007014,Becky Mccormick,Brittanyburgh,Female,2,35.14
U007528,Timothy Davis,West Phillipberg,Male,2,35.0
U007771,Daniel Smith,South Ashley,Male,2,34.56
U005870,Julie Stein,Sloanland,Male,2,33.72
U005969,Carla Stewart,Kellerfort,Female,2,33.48
U002677,Jacob Burch,Lake Brittanymouth,Female,2,33.42
U005932,Kristen Grant,South Erikafort,Female,2,33.24
U008742,Bryan Fletcher,Adamsshire,Male,2,33.16
U008971,Jon Scott,Rossview,Female,2,32.28
U001366,Carl Chavez,Lake Carlamouth,Other,2,31.74
U003286,Christine Hunter,Powellport,Other,2,31.74
U006294,Barbara Cox,Joanport,Male,2,31.74
U004067,Matthew Kramer,South Fernandochester,Other,2,31.58
U004674,Jessica Morgan,Port Jeffreymouth,Other,2,31.58
U005654,Gabriel Griffith,Deborahside,Female,2,31.32
U003825,Martin Banks,Clarkborough,Male,2,31.24
U009563,Michael Villarreal,Youngside,Female,2,30.58
U009943,Holly Rojas,Emilyfurt,Female,2,30.44
U007661,Leah Hill,Khanfurt,Male,2,30.42
U006743,Susan Avila,Heathermouth,Male,2,29.18
U009574,Shannon Chavez,North Wesleyhaven,Male,2,29.18
U003850,Troy Mcneil,Lake Markfurt,Other,2,28.88
U001839,Cynthia Santos,North Heather,Female,2,28.66
U001470,Mathew Figueroa,North Patriciaton,Female,2,28.18
U009141,Gerald Pena,Andersonshire,Male,2,27.08
U002107,Michael Smith,Davischester,Male,2,26.68
U003550,Natasha Harris,Julietown,Male,2,26.68
U000823,Joseph Clark,Smithland,Other,2,26.58
U005544,Ryan Washington,Jonathanview,Male,2,26.08
U002381,Tony Munoz,Russellfurt,Other,2,25.62
U000417,Denise King,Fischerchester,Other,2,24.94
U008312,Sarah Arias,Delgadoborough,Male,2,24.84
U001117,Alexis Beck,East Mandyhaven,Female,2,24.8
U001782,Amanda Anderson,South Felicialand,Male,2,24.8
U002136,Michael Cunningham,North Christina,Other,2,24.68
U003137,Brenda Smith,Port Sarahview,Female,2,23.86
U000619,Michael Castillo,Mccannville,Male,2,23.78
U007283,Lindsay Webb,Gilbertport,Female,2,23.66
U005079,Edward Johnson,Knightfurt,Female,2,22.88
U007294,Andrew Stewart,North William,Male,2,22.88
U005109,Robert Cortez,Daltonstad,Male,2,22.82
U006384,Rick Gonzales,Kaylaport,Male,2,22.8
U006388,Robert Reed,Lozanomouth,Male,2,22.62
U007915,Wesley Webb,Greenfort,Female,2,22.3
U000323,Brianna Chang,Mikaylastad,Female,2,21.42
U004863,Scott Harvey,Wheelerborough,Female,2,21.12
U001956,Tony Lopez,Johnton,Other,2,21.04
U007663,Bonnie Rodriguez,Makaylaport,Male,2,20.7
U009461,Julie Thomas,Grahamville,Male,2,20.58
U004629,Frank Luna,Contrerashaven,Female,2,20.4
U009220,Barbara Young,East Brianside,Male,2,19.96
U002949,Janice Harrison,East Andrea,Other,2,19.94
U007369,Victoria Hopkins,Lorimouth,Female,2,19.94
U001977,Sarah Maxwell,Barrychester,Female,2,19.06
U002965,Jenna Davis,Port Jamesberg,Male,2,19.06
U006667,Michael Chavez,Deanstad,Female,2,19.06
U006869,Jacob Brown,Stewartmouth,Male,2,18.64
U003607,Sara Hayes,Jessicaport,Male,2,18.62
U003008,Karen Alvarez,New Alan,Other,2,18.2
U001744,Wendy Macdonald,South Samantha,Female,2,17.98
U001129,Kevin Arellano,South Ronaldview,Other,2,16.88
U005419,Kathleen Best,Taylorbury,Other,2,16.48
U008608,Christopher Hernandez,Mooreton,Male,2,15.7
U002075,Shawn Martin,Cindyshire,Male,2,13.9
U002259,Thomas Cole,Sheltonshire,Other,2,13.58
U003017,Joshua Randolph,Wilsonport,Female,2,12.32
U006579,Nicholas Cole,Kingberg,Male,2,11.96
U004766,Kimberly Bennett,Port Bailey,Other,2,11.58
U007926,Brian Hull,South Stephenton,Female,2,11.58
U008313,Christina Moore,North Sally,Other,2,11.48
U005301,Caleb Torres,Cherylville,Male,2,11.34
U005021,Michelle Morris,Leroyburgh,Other,2,11.32
U002777,Andrew Brown,Lake Annaside,Male,2,11.1
U006881,Christopher Hall,West Pamelatown,Female,2,10.7
U004866,Larry Schmidt,Lake Lisaland,Female,2,10.56
U002388,Brian Bates,South Timothyside,Male,2,10.22
U007055,Corey Tran,Steeleburgh,Male,2,10.22
U001890,Kevin Brown,West Jessicahaven,Other,2,9.88
U009842,Carol Murray,Rileystad,Male,2,9.02
U001341,Paul Walters,Johnsonchester,Other,2,7.38
U003095,Mike Moore,East Bryanstad,Female,2,6.88
U008478,Benjamin Herrera,Tranchester,Male,2,6.84
U002162,David Smith,Spearsberg,Other,2,5.84
U006242,Sue Mathews,Carlchester,Female,2,5.66
U003792,Shannon Evans,North Lauren,Other,2,2.22
